step,type,amount,nameOrig,oldbalanceOrg,newbalanceOrig,nameDest,oldbalanceDest,newbalanceDest,isFraud,isFlaggedFraud
450,CASH_OUT,9521.0,C901614065,26245.95,16724.95,C720619908,179059.21,188580.21,0,0
578,CASH_IN,11393.05,C841846645,40880.09,52273.14,C953609805,61073.42,49680.37,0,0
272,DEBIT,2949.22,C688510311,11049.44,8100.22,C925323169,34855.01,37804.23,0,0
597,PAYMENT,1500.19,C372188442,1496.05,0.0,M490979961,0.0,0.0,0,0
233,PAYMENT,327.85,C838457930,5155.27,4827.42,M675631304,0.0,0.0,0,0
462,PAYMENT,3078.16,C454390050,31406.69,28328.53,M457429505,0.0,0.0,0,0
680,CASH_OUT,6493.33,C715024016,18238.46,11745.13,C421458534,117401.03,123894.36,0,0
187,CASH_OUT,114006.3,C565255379,343038.07,229031.77,C766408934,57142.05,171148.35,0,0
448,CASH_OUT,19964.67,C431110618,53254.08,33289.41,C380783458,124459.5,144424.17,0,0
626,PAYMENT,874.94,C741676450,3399.89,2524.95,M707919861,0.0,0.0,0,0
617,TRANSFER,72839.48,C784183859,230603.06,157763.58,C609069499,50691.13,123530.61,0,0
168,PAYMENT,3474.02,C523696434,6312.82,2838.8,M745168019,0.0,0.0,0,0
414,CASH_IN,5778.08,C896173117,171892.1,177670.18,C407704072,266142.5,260364.42,0,0
81,CASH_IN,37015.05,C542930712,70432.01,107447.06,C346728243,454338.79,417323.74,0,0
319,PAYMENT,4466.12,C500513243,38291.24,33825.12,M418389598,0.0,0.0,0,0
135,CASH_OUT,13759.83,C784595481,38506.83,24747.0,C406764122,229734.89,243494.72,0,0
82,CASH_IN,1990.11,C204603164,126172.1,128162.21,C940567494,404987.55,402997.44,0,0
592,CASH_OUT,4984.04,C715279158,9896.9,4912.86,C475959684,212278.63,217262.67,0,0
690,CASH_IN,22800.72,C442514039,140203.51,163004.23,C226813468,478728.32,455927.6,0,0
599,PAYMENT,1415.76,C570370668,13075.45,11659.69,M550672860,0.0,0.0,0,0
525,PAYMENT,1640.39,C473323087,1931.91,291.52,M466254045,0.0,0.0,0,0
341,CASH_IN,62232.2,C999472047,50746.81,112979.01,C212957473,8350.6,0.0,0,0
191,PAYMENT,1478.63,C468070275,7973.95,6495.32,M593240389,0.0,0.0,0,0
497,CASH_OUT,40106.24,C639533768,81723.23,41616.99,C120178538,280992.2,321098.44,0,0
371,DEBIT,7221.38,C158825349,9144.01,1922.63,C191452729,5555.13,12776.51,0,0
75,CASH_OUT,38817.41,C916108594,71859.97,33042.56,C534862775,60758.69,99576.1,0,0
336,CASH_OUT,59017.84,C260760553,75623.2,16605.36,C396436681,95192.05,154209.89,0,0
340,PAYMENT,3272.88,C693048052,5064.63,1791.75,M453473479,0.0,0.0,0,0
188,CASH_IN,4998.98,C932647377,10694.56,15693.54,C361369793,255147.63,250148.65,0,0
593,PAYMENT,1284.71,C832754253,17819.87,16535.16,M467679110,0.0,0.0,0,0
61,CASH_IN,11657.82,C965760642,100078.79,111736.61,C519347260,437004.1,425346.28,0,0
329,CASH_IN,17981.04,C954623350,23243.59,41224.63,C508996732,211743.1,193762.06,0,0
495,CASH_IN,4192.06,C668543566,89659.92,93851.98,C676420775,35449.94,31257.88,0,0
558,CASH_IN,50121.28,C740742899,72355.74,122477.02,C772843363,402354.47,352233.19,0,0
318,PAYMENT,1117.75,C909824576,15568.68,14450.93,M811538809,0.0,0.0,0,0
99,TRANSFER,21320.57,C787312181,149358.78,128038.21,C605761624,182962.7,204283.27,0,0
615,CASH_OUT,75219.8,C847520642,149541.36,74321.56,C550615020,108505.88,183725.68,0,0
599,CASH_OUT,86503.06,C103346436,92384.27,5881.21,C191034635,164324.06,250827.12,0,0
150,PAYMENT,2510.09,C564991239,25630.92,23120.83,M915922139,0.0,0.0,0,0
640,CASH_IN,18103.23,C567248576,102092.73,120195.96,C429798002,297315.59,279212.36,0,0
578,CASH_OUT,28718.67,C348725924,84646.5,55927.83,C675839439,219119.28,247837.95,0,0
169,PAYMENT,308.85,C775247193,1936.28,1627.43,M674424848,0.0,0.0,0,0
663,TRANSFER,57798.9,C570382827,195011.95,137213.05,C244786248,26111.74,83910.64,0,0
67,CASH_OUT,42451.11,C856067621,90316.83,47865.72,C681917994,129059.49,171510.6,0,0
121,PAYMENT,1066.86,C614198842,11702.7,10635.84,M896876697,0.0,0.0,0,0
567,PAYMENT,251.19,C230099734,7170.9,6919.71,M660313940,0.0,0.0,0,0
588,PAYMENT,3987.28,C662252046,17089.78,13102.5,M199358835,0.0,0.0,0,0
295,CASH_IN,17579.66,C885511657,102009.29,119588.95,C165784237,44381.36,26801.7,0,0
367,PAYMENT,2344.87,C563773475,22854.05,20509.18,M491877041,0.0,0.0,0,0
125,CASH_OUT,5438.72,C714794155,26907.78,21469.06,C282870041,132559.9,137998.62,0,0
741,TRANSFER,30207.07,C867941089,145326.05,115118.98,C356483204,51598.27,81805.34,0,0
43,PAYMENT,723.5,C937507741,4624.04,3900.54,M383122689,0.0,0.0,0,0
196,PAYMENT,147.9,C682227353,4953.68,4805.78,M777938866,0.0,0.0,0,0
462,TRANSFER,34430.7,C446752052,130827.78,96397.08,C794850254,198145.06,232575.76,0,0
21,CASH_IN,3199.16,C289948523,2970.14,6169.3,C767999844,21479.69,18280.53,0,0
562,PAYMENT,605.48,C625908098,3635.91,3030.43,M493440082,0.0,0.0,0,0
645,PAYMENT,1733.88,C835300325,8649.11,6915.23,M997480882,0.0,0.0,0,0
589,PAYMENT,368.25,C848616971,2760.77,2392.52,M577224762,0.0,0.0,0,0
483,PAYMENT,255.38,C700388561,5461.1,5205.72,M270376601,0.0,0.0,0,0
356,TRANSFER,16679.64,C956680265,45353.68,28674.04,C657811335,54316.44,70996.08,0,0
102,PAYMENT,58.76,C961627721,4000.25,3941.49,M125821340,0.0,0.0,0,0
702,CASH_OUT,6520.85,C999367381,25714.53,19193.68,C320473819,59307.37,65828.22,0,0
679,TRANSFER,30482.35,C956601239,121353.48,90871.13,C361284608,21224.27,51706.62,0,0
91,PAYMENT,3964.45,C925144903,39675.19,35710.74,M762630815,0.0,0.0,0,0
96,PAYMENT,3546.26,C292242639,10807.49,7261.23,M332815480,0.0,0.0,0,0
529,PAYMENT,2228.23,C646684841,2026.34,0.0,M392992099,0.0,0.0,0,0
492,CASH_OUT,5516.2,C118560150,30592.35,25076.15,C447193021,101180.65,106696.85,0,0
317,CASH_IN,3982.62,C285973183,191835.21,195817.83,C849216484,163394.55,159411.93,0,0
286,PAYMENT,3696.99,C699240979,30130.11,26433.12,M419561201,0.0,0.0,0,0
206,CASH_OUT,1921.36,C887452136,6081.28,4159.92,C539820960,289293.44,291214.8,0,0
636,CASH_IN,37931.67,C587141470,43672.95,81604.62,C195546420,454251.43,416319.76,0,0
194,CASH_IN,14105.92,C968549104,75201.29,89307.21,C840332201,251486.58,237380.66,0,0
588,CASH_IN,49747.31,C217741571,127342.67,177089.98,C520987403,49815.8,68.49,0,0
383,PAYMENT,2287.06,C711560372,14447.96,12160.9,M847344706,0.0,0.0,0,0
124,CASH_OUT,5368.6,C425340309,18370.57,13001.97,C135256735,38465.72,43834.32,0,0
377,PAYMENT,4160.61,C950312080,10574.39,6413.78,M111306913,0.0,0.0,0,0
258,CASH_OUT,91743.54,C606924290,238280.74,146537.2,C454525036,257194.89,348938.43,0,0
261,TRANSFER,134896.7,C529058846,529032.68,394135.98,C946299179,38986.9,173883.6,0,0
509,PAYMENT,944.83,C864233937,3030.13,2085.3,M351390149,0.0,0.0,0,0
194,PAYMENT,1644.22,C401491749,16430.03,14785.81,M266428006,0.0,0.0,0,0
173,CASH_IN,16354.65,C569957464,23462.89,39817.54,C937216463,387285.13,370930.48,0,0
258,TRANSFER,8737.51,C951531485,91282.25,82544.74,C581543132,8512.44,17249.95,0,0
468,CASH_OUT,65458.07,C185630733,162624.08,97166.01,C516099970,46925.38,112383.45,0,0
31,TRANSFER,6874.14,C809220826,47906.94,41032.8,C591390731,117993.46,124867.6,0,0
261,PAYMENT,1491.81,C228349766,12554.41,11062.6,M119801002,0.0,0.0,0,0
446,CASH_OUT,25417.47,C576583771,65784.6,40367.13,C842095037,209458.11,234875.58,0,0
276,PAYMENT,986.29,C210534015,9356.64,8370.35,M630337110,0.0,0.0,0,0
186,CASH_IN,16541.56,C869853840,31671.57,48213.13,C116003734,162622.86,146081.3,0,0
461,CASH_IN,16820.45,C983921699,54819.13,71639.58,C255887560,440702.05,423881.6,0,0
743,CASH_OUT,14641.85,C633300772,36706.73,22064.88,C139282106,287312.54,301954.39,0,0
617,PAYMENT,562.78,C247264642,9679.93,9117.15,M750697159,0.0,0.0,0,0
87,CASH_OUT,37343.29,C688470650,60579.59,23236.3,C536752101,232961.87,270305.16,0,0
356,PAYMENT,192.48,C340269869,3106.49,2914.01,M553610350,0.0,0.0,0,0
549,CASH_IN,1112.25,C122461102,93531.32,94643.57,C368308305,205209.42,204097.17,0,0
499,DEBIT,2495.0,C621013214,15877.86,13382.86,C488349667,35644.65,38139.65,0,0
429,CASH_OUT,3078.99,C228726504,6986.17,3907.18,C778781177,189187.73,192266.72,0,0
560,PAYMENT,2119.67,C257700676,26148.38,24028.71,M869711410,0.0,0.0,0,0
633,TRANSFER,16058.24,C159224870,52366.95,36308.71,C790797232,162247.39,178305.63,0,0
646,CASH_OUT,50273.64,C730104232,143254.73,92981.09,C848470030,236466.0,286739.64,0,0
518,CASH_OUT,65158.24,C956320352,162937.13,97778.89,C386752725,206826.66,271984.9,0,0
265,CASH_OUT,187073.18,C955673874,252828.38,65755.2,C947729858,211670.37,398743.55,0,0
657,CASH_OUT,76021.59,C738131288,76929.09,907.5,C539756451,62195.32,138216.91,0,0
578,CASH_IN,5644.68,C163062582,108891.27,114535.95,C385127163,370458.8,364814.12,0,0
130,CASH_IN,14174.71,C752098812,183168.08,197342.79,C362707859,22110.0,7935.29,0,0
625,PAYMENT,1816.13,C297029809,15397.0,13580.87,M600915194,0.0,0.0,0,0
483,PAYMENT,4236.89,C309533152,3894.87,0.0,M990176757,0.0,0.0,0,0
449,CASH_OUT,104442.22,C576541388,190201.56,85759.34,C177021463,271792.87,376235.09,0,0
15,PAYMENT,2286.42,C457176868,2236.84,0.0,M273786838,0.0,0.0,0,0
266,CASH_OUT,27742.88,C299820519,49159.94,21417.06,C521372092,153649.95,181392.83,0,0
81,CASH_IN,3456.0,C841142269,42680.94,46136.94,C988935156,467580.24,464124.24,0,0
75,CASH_IN,9114.34,C157495393,69692.01,78806.35,C786018224,30961.98,21847.64,0,0
1,PAYMENT,1625.33,C815021371,11628.65,10003.32,M917928251,0.0,0.0,0,0
738,PAYMENT,1553.07,C348717647,3202.49,1649.42,M687578426,0.0,0.0,0,0
347,CASH_OUT,22153.72,C129709050,84267.56,62113.84,C816842133,247994.96,270148.68,0,0
259,CASH_OUT,20170.84,C432149914,48870.75,28699.91,C590802884,57441.04,77611.88,0,0
276,CASH_IN,127970.98,C975499305,163086.61,291057.59,C893120166,9128.81,0.0,0,0
650,PAYMENT,3457.23,C748880076,30232.02,26774.79,M432339467,0.0,0.0,0,0
328,CASH_IN,37979.09,C527626716,111445.78,149424.87,C459109734,30839.96,0.0,0,0
458,CASH_OUT,19433.36,C428622430,32760.96,13327.6,C500492027,210018.25,229451.61,0,0
167,PAYMENT,2409.32,C146880665,26233.01,23823.69,M186182543,0.0,0.0,0,0
165,CASH_IN,61315.3,C251811685,76393.63,137708.93,C430149278,339107.05,277791.75,0,0
434,CASH_OUT,16912.66,C815979547,62127.93,45215.27,C748892526,269796.95,286709.61,0,0
691,CASH_OUT,35803.58,C935276844,51249.91,15446.33,C999715026,179926.25,215729.83,0,0
476,CASH_OUT,17067.14,C928600157,46940.73,29873.59,C662831723,176078.81,193145.95,0,0
450,PAYMENT,732.24,C699165206,9520.5,8788.26,M191687850,0.0,0.0,0,0
172,TRANSFER,11874.98,C685705879,38882.6,27007.62,C183882732,178637.8,190512.78,0,0
230,CASH_OUT,49821.21,C905947165,72324.84,22503.63,C993821073,241271.3,291092.51,0,0
109,TRANSFER,26317.15,C508753342,58373.45,32056.3,C523002666,9748.41,36065.56,0,0
385,CASH_OUT,15321.68,C627119065,47425.97,32104.29,C138263857,200880.58,216202.26,0,0
244,PAYMENT,2205.97,C767472079,17075.63,14869.66,M730116432,0.0,0.0,0,0
500,TRANSFER,9842.51,C279732850,48201.46,38358.95,C910589424,92899.86,102742.37,0,0
365,PAYMENT,447.37,C875560818,5041.41,4594.04,M117691628,0.0,0.0,0,0
76,TRANSFER,69258.99,C118894353,156905.2,87646.21,C750409831,88800.83,158059.82,0,0
73,CASH_OUT,23239.61,C739721759,78044.35,54804.74,C171956057,198432.63,221672.24,0,0
261,PAYMENT,265.02,C959463870,6932.1,6667.08,M629602578,0.0,0.0,0,0
18,CASH_OUT,19624.99,C226609230,28514.73,8889.74,C139253426,152631.48,172256.47,0,0
335,CASH_OUT,92833.08,C941269179,264781.13,171948.05,C983439620,111344.7,204177.78,0,0
172,TRANSFER,44939.53,C452166161,129611.25,84671.72,C701563725,141510.53,186450.06,0,0
30,TRANSFER,8594.88,C532161056,50855.84,42260.96,C139584814,122274.6,130869.48,0,0
509,CASH_OUT,52659.32,C101786614,160627.22,107967.9,C374544502,98516.97,151176.29,0,0
595,TRANSFER,16670.39,C784810441,124874.23,108203.84,C241699362,150027.73,166698.12,0,0
416,CASH_IN,19166.57,C329844692,133257.04,152423.61,C766955432,183637.35,164470.78,0,0
599,CASH_OUT,720.13,C463706525,15472.57,14752.44,C958336332,34588.57,35308.7,0,0
601,CASH_OUT,7177.37,C766509837,19352.8,12175.43,C420890886,26228.72,33406.09,0,0
23,CASH_IN,21446.87,C375492443,159147.02,180593.89,C508131171,497161.62,475714.75,0,0
714,TRANSFER,19712.81,C414880633,30989.99,11277.18,C964438147,135599.93,155312.74,0,0
67,TRANSFER,35199.38,C952540853,209611.85,174412.47,C803277433,107510.6,142709.98,0,0
308,PAYMENT,850.27,C888058908,13142.46,12292.19,M764613855,0.0,0.0,0,0
344,CASH_IN,63701.1,C182557136,82763.04,146464.14,C258980909,427848.09,364146.99,0,0
87,PAYMENT,1789.05,C952816376,1975.72,186.67,M963857394,0.0,0.0,0,0
690,CASH_OUT,5702.59,C905609815,27216.22,21513.63,C198744641,49916.8,55619.39,0,0
162,PAYMENT,2260.69,C157905390,20531.98,18271.29,M242621453,0.0,0.0,0,0
183,CASH_OUT,10381.46,C292857655,17520.06,7138.6,C623208124,154252.18,164633.64,0,0
697,PAYMENT,1588.57,C371267051,20288.73,18700.16,M328218354,0.0,0.0,0,0
724,CASH_IN,872.37,C630040979,105830.62,106702.99,C422185930,398978.68,398106.31,0,0
341,CASH_OUT,20407.58,C765926290,46595.57,26187.99,C453842723,248825.22,269232.8,0,0
48,CASH_IN,41203.16,C657636273,85876.68,127079.84,C225104500,424035.8,382832.64,0,0
145,PAYMENT,1502.92,C684323505,2818.84,1315.92,M643488587,0.0,0.0,0,0
709,CASH_OUT,9317.19,C531918682,46045.38,36728.19,C685536151,126211.73,135528.92,0,0
309,CASH_IN,21988.49,C289415680,100676.48,122664.97,C888771290,383624.88,361636.39,0,0
246,TRANSFER,25544.52,C166682009,129938.59,104394.07,C971223329,70381.14,95925.66,0,0
244,CASH_OUT,46095.92,C946504375,150196.91,104100.99,C891197917,163146.94,209242.86,0,0
737,PAYMENT,6771.09,C657996334,17396.58,10625.49,M685528587,0.0,0.0,0,0
424,PAYMENT,227.96,C400399159,1657.73,1429.77,M125534250,0.0,0.0,0,0
595,PAYMENT,2247.45,C210014566,4899.58,2652.13,M673389796,0.0,0.0,0,0
358,CASH_OUT,32004.76,C213736600,65302.49,33297.73,C534409583,76641.57,108646.33,0,0
264,PAYMENT,109.88,C710640520,1554.23,1444.35,M281247608,0.0,0.0,0,0
509,PAYMENT,498.64,C364885933,3849.06,3350.42,M528176885,0.0,0.0,0,0
304,PAYMENT,1140.83,C975261758,2921.98,1781.15,M963465476,0.0,0.0,0,0
429,PAYMENT,3135.79,C857927470,25407.64,22271.85,M736218840,0.0,0.0,0,0
80,CASH_IN,83523.02,C745606087,80893.28,164416.3,C426349919,196564.63,113041.61,0,0
156,CASH_OUT,7320.83,C150313892,31530.59,24209.76,C678075607,254115.92,261436.75,0,0
198,PAYMENT,807.36,C427933006,9852.16,9044.8,M630310021,0.0,0.0,0,0
79,PAYMENT,3521.06,C935741384,28896.94,25375.88,M342764279,0.0,0.0,0,0
223,PAYMENT,2547.12,C807226078,14796.35,12249.23,M981297382,0.0,0.0,0,0
336,PAYMENT,2255.26,C374794375,23681.11,21425.85,M418595343,0.0,0.0,0,0
687,PAYMENT,2622.79,C434727407,26737.18,24114.39,M412687198,0.0,0.0,0,0
459,CASH_OUT,74426.35,C621919707,209351.93,134925.58,C363489305,48247.74,122674.09,0,0
481,CASH_IN,23008.75,C202691714,39664.25,62673.0,C370403259,90216.78,67208.03,0,0
52,PAYMENT,5853.55,C513101969,30872.18,25018.63,M973200467,0.0,0.0,0,0
378,PAYMENT,424.52,C659640309,372.26,0.0,M543680622,0.0,0.0,0,0
518,PAYMENT,1326.76,C696577812,11655.19,10328.43,M367139994,0.0,0.0,0,0
136,PAYMENT,424.75,C111420056,451.87,27.12,M976055569,0.0,0.0,0,0
543,CASH_IN,20895.54,C423906095,111176.22,132071.76,C317672339,177556.48,156660.94,0,0
40,CASH_OUT,14528.94,C951036373,31108.93,16579.99,C607315778,103410.88,117939.82,0,0
541,PAYMENT,3087.32,C860067788,23807.18,20719.86,M725180098,0.0,0.0,0,0
156,PAYMENT,593.08,C509217317,1187.1,594.02,M281702271,0.0,0.0,0,0
23,CASH_IN,11184.67,C805091650,111198.69,122383.36,C587050971,107706.39,96521.72,0,0
325,PAYMENT,805.63,C250120235,2533.66,1728.03,M203766567,0.0,0.0,0,0
112,PAYMENT,48.34,C144178148,4080.87,4032.53,M615745776,0.0,0.0,0,0
461,CASH_OUT,4818.94,C490992599,23279.22,18460.28,C286070666,159029.38,163848.32,0,0
71,PAYMENT,4152.95,C123387118,17798.95,13646.0,M382046333,0.0,0.0,0,0
16,CASH_IN,22682.71,C525083528,142146.29,164829.0,C720461063,413863.43,391180.72,0,0
424,CASH_IN,15420.49,C339862031,68429.98,83850.47,C474923965,319202.44,303781.95,0,0
28,TRANSFER,58913.82,C338042160,182941.89,124028.07,C291297872,71270.94,130184.76,0,0
29,CASH_OUT,178807.23,C793892758,202209.9,0.0,C150173366,0.0,0.0,1,0
94,CASH_OUT,8296.78,C852650883,28583.57,20286.79,C538133366,36116.96,44413.74,0,0
98,PAYMENT,729.42,C310862268,3942.96,3213.54,M389236199,0.0,0.0,0,0
737,PAYMENT,5095.32,C825900062,37426.67,32331.35,M949094951,0.0,0.0,0,0
382,PAYMENT,2723.2,C178111296,20558.62,17835.42,M913530624,0.0,0.0,0,0
416,TRANSFER,19640.46,C987134398,123247.47,103607.01,C330061658,102876.75,122517.21,0,0
134,CASH_OUT,4615.05,C989737483,10591.8,5976.75,C900411631,139246.91,143861.96,0,0
283,PAYMENT,2606.25,C520559891,4156.45,1550.2,M697787903,0.0,0.0,0,0
190,TRANSFER,2785.33,C136095196,61402.17,58616.84,C379494988,75504.77,78290.1,0,0
346,CASH_OUT,16644.82,C713965325,30569.98,13925.16,C955051228,150744.84,167389.66,0,0
185,TRANSFER,90757.33,C774464937,164554.51,73797.18,C578555470,113340.89,204098.22,0,0
536,PAYMENT,1609.79,C895148344,15028.49,13418.7,M931299095,0.0,0.0,0,0
493,PAYMENT,494.19,C758718562,9788.85,9294.66,M519022202,0.0,0.0,0,0
648,CASH_IN,45779.57,C311607759,103269.1,149048.67,C332154925,495638.33,449858.76,0,0
506,PAYMENT,788.62,C641270101,5376.84,4588.22,M457764051,0.0,0.0,0,0
469,TRANSFER,23461.44,C223086324,74024.1,50562.66,C602919551,77183.38,100644.82,0,0
201,PAYMENT,1534.74,C770708452,1821.13,286.39,M178946104,0.0,0.0,0,0
293,CASH_IN,8684.89,C356259880,133979.7,142664.59,C971862842,344197.56,335512.67,0,0
529,PAYMENT,727.29,C567549973,6187.68,5460.39,M810303254,0.0,0.0,0,0
483,CASH_IN,5371.05,C816691647,159101.42,164472.47,C749432967,17654.27,12283.22,0,0
103,PAYMENT,124.61,C496736505,4990.41,4865.8,M401417959,0.0,0.0,0,0
225,DEBIT,673.83,C153431110,3652.14,2978.31,C150832439,45122.65,45796.48,0,0
727,TRANSFER,109654.37,C105999612,513232.86,403578.49,C817254623,167501.74,277156.11,0,0
370,PAYMENT,1798.15,C363209715,11571.42,9773.27,M858854491,0.0,0.0,0,0
255,CASH_OUT,45010.16,C728714663,88236.99,43226.83,C442625782,206340.14,251350.3,0,0
64,TRANSFER,5170.52,C139792730,26956.78,21786.26,C840625904,9416.64,14587.16,0,0
287,CASH_IN,13839.78,C899494698,23868.19,37707.97,C446778313,433474.29,419634.51,0,0
152,CASH_OUT,3716.63,C935912406,29478.87,25762.24,C566957105,197177.18,200893.81,0,0
397,PAYMENT,938.14,C180486320,12046.89,11108.75,M249600228,0.0,0.0,0,0
583,PAYMENT,5741.0,C561105644,49363.74,43622.74,M549683619,0.0,0.0,0,0
242,CASH_OUT,25934.35,C371852753,65915.14,39980.79,C679438882,162015.62,187949.97,0,0
193,CASH_OUT,38577.7,C702952937,102673.12,64095.42,C718240449,106797.12,145374.82,0,0
630,CASH_OUT,46292.23,C962563768,125698.08,79405.85,C122132072,147648.18,193940.41,0,0
82,PAYMENT,617.16,C530264788,5654.39,5037.23,M182645047,0.0,0.0,0,0
299,CASH_OUT,21625.23,C803475087,53959.84,32334.61,C934723966,249972.08,271597.31,0,0
156,PAYMENT,2393.32,C410108406,24693.55,22300.23,M816973080,0.0,0.0,0,0
328,CASH_IN,49543.43,C890609472,164584.89,214128.32,C694635303,379199.75,329656.32,0,0
699,CASH_OUT,175.49,C897085040,19386.12,19210.63,C190772780,61803.57,61979.06,0,0
292,CASH_IN,48279.4,C129962157,34306.01,82585.41,C962274434,440795.83,392516.43,0,0
555,PAYMENT,2325.34,C417046750,19846.72,17521.38,M914577061,0.0,0.0,0,0
254,PAYMENT,2252.08,C576963669,7609.84,5357.76,M556131728,0.0,0.0,0,0
579,CASH_IN,30940.08,C325837623,148987.19,179927.27,C141139478,44487.06,13546.98,0,0
268,CASH_IN,39297.12,C723450507,171835.97,211133.09,C368097267,366714.81,327417.69,0,0
227,PAYMENT,11323.64,C291634472,110907.38,99583.74,M270014131,0.0,0.0,0,0
71,PAYMENT,486.36,C553208131,9470.34,8983.98,M528401868,0.0,0.0,0,0
40,TRANSFER,20260.65,C134136970,79861.74,59601.09,C595699189,114422.24,134682.89,0,0
158,CASH_OUT,35101.89,C727721616,46684.53,11582.64,C890829450,127801.46,162903.35,0,0
657,CASH_OUT,21794.84,C153077712,40809.48,19014.64,C744929648,140785.42,162580.26,0,0
671,PAYMENT,1940.8,C335497203,9392.74,7451.94,M539584338,0.0,0.0,0,0
508,PAYMENT,22.91,C463260524,4745.66,4722.75,M121751739,0.0,0.0,0,0
502,PAYMENT,1565.26,C271960612,1263.99,0.0,M693506495,0.0,0.0,0,0
256,CASH_IN,44530.49,C839734701,44218.35,88748.84,C430664892,87542.68,43012.19,0,0
668,CASH_OUT,355.18,C132176166,7263.42,6908.24,C792506286,263058.75,263413.93,0,0
426,CASH_IN,24152.36,C692103471,177667.88,201820.24,C926092285,495831.55,471679.19,0,0
110,PAYMENT,1583.63,C356144513,4609.16,3025.53,M684511231,0.0,0.0,0,0
178,CASH_IN,30582.71,C225854097,41941.03,72523.74,C412953988,396022.79,365440.08,0,0
641,CASH_IN,26477.87,C674929067,117544.09,144021.96,C825239000,267906.5,241428.63,0,0
379,CASH_OUT,49393.31,C552629612,75352.08,25958.77,C240440906,247215.99,296609.3,0,0
298,CASH_IN,23196.95,C750554833,190889.47,214086.42,C227483131,390556.58,367359.63,0,0
241,CASH_OUT,22784.68,C697261745,43213.07,20428.39,C221538617,283449.0,306233.68,0,0
337,CASH_OUT,2124.0,C318321825,21697.45,19573.45,C621975903,190965.72,193089.72,0,0
730,TRANSFER,66122.62,C986818064,249889.56,183766.94,C960732698,28117.69,94240.31,0,0
277,CASH_IN,24667.03,C357069716,133496.09,158163.12,C932962002,475567.49,450900.46,0,0
500,CASH_OUT,82951.24,C221073668,135167.0,52215.76,C324686830,187455.64,270406.88,0,0
178,CASH_IN,84810.34,C633211908,139725.45,224535.79,C134538917,391930.59,307120.25,0,0
613,CASH_IN,24102.02,C984759342,163961.48,188063.5,C229547753,303690.4,279588.38,0,0
664,PAYMENT,1750.19,C544086354,21546.5,19796.31,M562913109,0.0,0.0,0,0
344,TRANSFER,8481.94,C431019526,49799.2,41317.26,C313533200,99240.46,107722.4,0,0
283,TRANSFER,52898.81,C724316387,240327.71,187428.9,C867103706,191159.88,244058.69,0,0
208,CASH_OUT,36721.38,C483219434,78304.69,41583.31,C879776453,279907.67,316629.05,0,0
227,CASH_OUT,60522.26,C293235403,78799.66,18277.4,C742180696,162596.19,223118.45,0,0
268,CASH_OUT,29146.54,C424294358,82301.53,53154.99,C286081575,103519.17,132665.71,0,0
724,TRANSFER,1375.69,C405984812,45665.9,44290.21,C272210973,53642.71,55018.4,0,0
89,PAYMENT,2523.28,C102120260,15218.7,12695.42,M926332661,0.0,0.0,0,0
473,CASH_OUT,196425.96,C185288160,1464490.27,1268064.31,C516105256,0.0,196425.96,1,0
272,CASH_IN,95600.28,C916003023,4367.54,99967.82,C970592591,322919.57,227319.29,0,0
293,DEBIT,1471.27,C489537134,14292.09,12820.82,C755422195,30947.39,32418.66,0,0
498,CASH_IN,1469.25,C329138639,107119.91,108589.16,C463885372,69517.86,68048.61,0,0
695,PAYMENT,1292.14,C758137641,10627.38,9335.24,M894919065,0.0,0.0,0,0
422,CASH_OUT,29985.51,C216949424,59884.44,29898.93,C571797464,49380.37,79365.88,0,0
378,CASH_OUT,25092.37,C545570209,28348.23,3255.86,C645308455,229263.87,254356.24,0,0
100,PAYMENT,441.27,C974655722,4721.53,4280.26,M728077750,0.0,0.0,0,0
159,CASH_IN,26286.55,C307563449,18366.29,44652.84,C227431854,135229.1,108942.55,0,0
169,CASH_IN,5043.92,C444792112,115259.43,120303.35,C559873581,330038.79,324994.87,0,0
587,PAYMENT,3995.35,C973418588,25526.02,21530.67,M263157055,0.0,0.0,0,0
671,PAYMENT,3395.98,C492762842,3738.71,342.73,M487959860,0.0,0.0,0,0
664,PAYMENT,1664.94,C222984771,9707.63,8042.69,M297942234,0.0,0.0,0,0
603,CASH_IN,4886.12,C157022110,88891.41,93777.53,C570115487,90124.8,85238.68,0,0
565,CASH_OUT,61433.62,C494748908,69031.28,7597.66,C229644859,92718.68,154152.3,0,0
399,PAYMENT,72.38,C134033558,5653.13,5580.75,M118091056,0.0,0.0,0,0
116,CASH_OUT,28347.74,C586175909,32960.58,4612.84,C328779485,249027.81,277375.55,0,0
360,PAYMENT,3706.12,C843234130,14908.31,11202.19,M220929073,0.0,0.0,0,0
117,CASH_OUT,6904.8,C478398577,31959.14,25054.34,C172254043,76729.4,83634.2,0,0
128,CASH_OUT,25268.88,C125030998,54066.14,28797.26,C591793801,111971.24,137240.12,0,0
130,PAYMENT,5032.0,C637569188,47623.12,42591.12,M721445153,0.0,0.0,0,0
284,CASH_OUT,11418.89,C817504528,37682.82,26263.93,C252515121,120399.24,131818.13,0,0
468,CASH_OUT,39700.24,C810554602,81880.17,42179.93,C173395030,277727.19,317427.43,0,0
512,PAYMENT,1673.76,C185702342,8914.03,7240.27,M817628432,0.0,0.0,0,0
483,CASH_IN,23315.34,C548806149,142487.89,165803.23,C452153639,431613.57,408298.23,0,0
577,PAYMENT,1780.68,C650032926,20777.84,18997.16,M808638332,0.0,0.0,0,0
137,CASH_OUT,4409.17,C909999238,17373.75,12964.58,C558157611,81180.0,85589.17,0,0
361,CASH_OUT,5935.42,C405762217,31837.25,25901.83,C500920355,258788.52,264723.94,0,0
588,DEBIT,5433.77,C976983240,24423.15,18989.38,C602495040,20396.27,25830.04,0,0
219,CASH_OUT,10324.64,C692451326,40130.01,29805.37,C196946732,155099.39,165424.03,0,0
446,TRANSFER,2108.94,C926471790,58487.15,56378.21,C959293519,120240.15,122349.09,0,0
692,CASH_IN,12866.29,C521818004,121086.13,133952.42,C667927473,220538.78,207672.49,0,0
248,CASH_OUT,6130.14,C749774946,7764.27,1634.13,C985167737,70060.59,76190.73,0,0
64,CASH_OUT,5763.46,C105972294,9878.15,4114.69,C141214231,136385.46,142148.92,0,0
232,CASH_OUT,23361.45,C733254426,80422.32,57060.87,C803457008,51740.64,75102.09,0,0
341,PAYMENT,359.83,C230513716,2882.57,2522.74,M592724136,0.0,0.0,0,0
196,CASH_OUT,6411.66,C134620659,6441.71,30.05,C933697962,260443.19,266854.85,0,0
34,CASH_IN,47436.04,C161069802,199681.78,247117.82,C246327479,214788.84,167352.8,0,0
622,CASH_IN,9241.15,C100097801,133969.07,143210.22,C763174438,337711.71,328470.56,0,0
85,PAYMENT,632.85,C707091264,676.47,43.62,M917178325,0.0,0.0,0,0
617,TRANSFER,1893.79,C505438410,40731.51,38837.72,C663689114,75369.26,77263.05,0,0
1,CASH_OUT,7306.07,C801175263,26688.11,19382.04,C999632703,172042.21,179348.28,0,0
40,PAYMENT,1190.94,C949471702,13884.41,12693.47,M666941302,0.0,0.0,0,0
1,PAYMENT,3585.11,C232367468,13893.44,10308.33,M334044425,0.0,0.0,0,0
703,PAYMENT,1486.43,C515989604,8163.81,6677.38,M966121044,0.0,0.0,0,0
351,PAYMENT,189.36,C359068906,4897.43,4708.07,M938715790,0.0,0.0,0,0
35,CASH_IN,56744.51,C893884664,17060.38,73804.89,C190666535,256904.76,200160.25,0,0
95,PAYMENT,214.48,C832288869,6037.1,5822.62,M577599428,0.0,0.0,0,0
163,CASH_OUT,20615.2,C787814972,45866.65,25251.45,C983354344,93534.61,114149.81,0,0
246,TRANSFER,26940.43,C174417891,157243.49,130303.06,C538886517,36368.93,63309.36,0,0
128,PAYMENT,3659.11,C529411546,33197.74,29538.63,M235684888,0.0,0.0,0,0
82,CASH_IN,5463.77,C182348704,12424.89,17888.66,C200538326,372987.68,367523.91,0,0
732,CASH_OUT,12729.21,C583795969,58111.9,45382.69,C279491203,205639.32,218368.53,0,0
252,CASH_OUT,25745.11,C513745433,72753.27,47008.16,C514989140,248114.51,273859.62,0,0
63,PAYMENT,7012.56,C838799409,64201.49,57188.93,M124718089,0.0,0.0,0,0
73,CASH_OUT,53041.39,C426237822,63651.52,10610.13,C272991235,53608.38,106649.77,0,0
292,TRANSFER,17162.51,C983456492,26028.68,8866.17,C631608922,6698.31,23860.82,0,0
169,PAYMENT,360.57,C781168399,3990.56,3629.99,M513327467,0.0,0.0,0,0
741,PAYMENT,1614.64,C566069182,4059.51,2444.87,M739100701,0.0,0.0,0,0
513,CASH_OUT,4817.8,C939732330,17475.25,12657.45,C658707316,277491.44,282309.24,0,0
263,PAYMENT,1048.61,C101209298,11633.94,10585.33,M414818673,0.0,0.0,0,0
131,PAYMENT,3337.11,C462435337,2342.1,0.0,M298699389,0.0,0.0,0,0
367,CASH_OUT,25006.61,C376817753,91386.16,66379.55,C476922392,222048.08,247054.69,0,0
516,TRANSFER,7868.43,C381599415,44369.64,36501.21,C681195167,78245.61,86114.04,0,0
558,PAYMENT,1523.88,C413046102,16789.33,15265.45,M948833428,0.0,0.0,0,0
582,PAYMENT,3690.75,C207624001,4662.43,971.68,M258714858,0.0,0.0,0,0
211,CASH_IN,78777.23,C381645509,162493.69,241270.92,C136490349,231468.19,152690.96,0,0
396,CASH_OUT,122942.17,C221611117,170731.95,47789.78,C139039960,66435.25,189377.42,0,0
132,CASH_IN,21859.59,C922242483,7053.87,28913.46,C352087165,183668.44,161808.85,0,0
12,TRANSFER,6190.39,C858434529,21587.18,15396.79,C428167622,38293.52,44483.91,0,0
485,CASH_IN,26541.8,C943633823,70220.75,96762.55,C170110003,323903.76,297361.96,0,0
199,PAYMENT,479.74,C630064465,9080.33,8600.59,M806853055,0.0,0.0,0,0
295,CASH_OUT,10475.2,C581507177,49596.36,39121.16,C883609647,197961.46,208436.66,0,0
314,TRANSFER,97647.24,C600546061,180599.8,82952.56,C339218902,189322.28,286969.52,0,0
688,PAYMENT,527.84,C806644278,6374.41,5846.57,M784829640,0.0,0.0,0,0
631,PAYMENT,3237.99,C215627208,30404.05,27166.06,M630070740,0.0,0.0,0,0
662,PAYMENT,1799.81,C712586765,2922.59,1122.78,M815168221,0.0,0.0,0,0
139,CASH_IN,20084.21,C666353947,76133.17,96217.38,C614547279,456214.37,436130.16,0,0
305,CASH_IN,5077.68,C466146877,42046.02,47123.7,C421902642,258840.96,253763.28,0,0
364,PAYMENT,788.2,C926108943,2282.0,1493.8,M698098197,0.0,0.0,0,0
467,CASH_OUT,62986.89,C843607057,136841.01,73854.12,C768952478,121637.48,184624.37,0,0
271,CASH_IN,5553.28,C911194689,80350.22,85903.5,C156396358,154176.73,148623.45,0,0
510,PAYMENT,9510.89,C402817630,20733.37,11222.48,M974568972,0.0,0.0,0,0
528,CASH_IN,30972.99,C284122128,144945.93,175918.92,C727392782,111577.63,80604.64,0,0
196,PAYMENT,4497.73,C507527151,18872.45,14374.72,M205587712,0.0,0.0,0,0
115,TRANSFER,15421.14,C836864135,106451.76,91030.62,C538578881,107954.54,123375.68,0,0
306,CASH_OUT,14026.71,C512338525,21573.94,7547.23,C630799641,253910.82,267937.53,0,0
203,PAYMENT,1249.81,C666006228,10734.5,9484.69,M973706680,0.0,0.0,0,0
120,PAYMENT,3112.8,C144898189,6702.15,3589.35,M182893561,0.0,0.0,0,0
420,TRANSFER,15067.2,C470561773,115107.64,100040.44,C800783309,67259.4,82326.6,0,0
313,PAYMENT,455.11,C841071924,2585.81,2130.7,M405288540,0.0,0.0,0,0
143,CASH_IN,19446.9,C372056963,37682.68,57129.58,C553084965,278299.76,258852.86,0,0
434,CASH_OUT,57626.89,C501393948,116025.71,58398.82,C143524526,211926.15,269553.04,0,0
69,CASH_OUT,10440.42,C561149794,39423.3,28982.88,C223962708,168895.96,179336.38,0,0
297,TRANSFER,23739.14,C614122811,158193.33,134454.19,C877905998,68832.71,92571.85,0,0
141,PAYMENT,3114.28,C285614410,11747.09,8632.81,M734301320,0.0,0.0,0,0
715,CASH_IN,82959.85,C401231571,139873.85,222833.7,C229638513,474129.04,391169.19,0,0
373,CASH_OUT,9687.95,C136567311,37265.99,27578.04,C171538108,50325.4,60013.35,0,0
613,CASH_OUT,148.05,C470856173,6508.44,6360.39,C363023051,28225.93,28373.98,0,0
329,CASH_IN,80051.77,C188946564,77782.79,157834.56,C553494142,481621.22,401569.45,0,0
440,TRANSFER,24239.26,C411059680,68200.75,43961.49,C641169864,117917.42,142156.68,0,0
472,PAYMENT,2682.03,C861686780,29936.35,27254.32,M568434339,0.0,0.0,0,0
165,CASH_OUT,11731.74,C463417312,16547.8,4816.06,C786609396,86778.89,98510.63,0,0
143,TRANSFER,87775.87,C240633370,148232.21,60456.34,C165602971,118134.73,205910.6,0,0
312,CASH_OUT,42635.99,C192264792,99301.34,56665.35,C679615369,68326.99,110962.98,0,0
315,TRANSFER,3240.15,C884155879,61226.99,57986.84,C467917280,45399.42,48639.57,0,0
217,CASH_OUT,20335.44,C297949495,65348.12,45012.68,C293768308,63711.8,84047.24,0,0
272,PAYMENT,84.38,C626573949,4051.34,3966.96,M178317235,0.0,0.0,0,0
175,PAYMENT,2335.35,C261328821,12985.23,10649.88,M829970162,0.0,0.0,0,0
215,CASH_OUT,13541.54,C940823146,27916.36,14374.82,C420591769,28979.11,42520.65,0,0
277,CASH_OUT,6137.14,C481556175,32287.58,26150.44,C896307227,157021.8,163158.94,0,0
20,PAYMENT,2474.13,C236520144,29536.43,27062.3,M897166379,0.0,0.0,0,0
614,TRANSFER,22444.21,C183900869,61310.57,38866.36,C297363352,126909.74,149353.95,0,0
349,CASH_IN,23766.58,C307032287,72756.89,96523.47,C775045545,397490.12,373723.54,0,0
468,TRANSFER,172537.14,C508144314,683006.68,510469.54,C118818736,31992.11,204529.25,0,0
426,PAYMENT,4801.4,C760711171,14670.86,9869.46,M921119202,0.0,0.0,0,0
358,CASH_IN,39298.83,C500816543,81891.66,121190.49,C409498663,405986.29,366687.46,0,0
609,CASH_OUT,96659.82,C322080639,159708.85,63049.03,C771760777,221278.21,317938.03,0,0
283,CASH_OUT,1675.4,C575176606,11120.13,9444.73,C156660052,219462.9,221138.3,0,0
451,CASH_IN,3252.0,C368277860,185010.04,188262.04,C573085361,422266.5,419014.5,0,0
348,CASH_OUT,6867.58,C465573262,26357.91,19490.33,C817570057,189053.41,195920.99,0,0
563,CASH_IN,29007.52,C480344337,22252.78,51260.3,C598992208,224330.18,195322.66,0,0
96,CASH_OUT,357960.82,C265190390,422618.21,0.0,C732811056,0.0,0.0,1,0
579,PAYMENT,2263.48,C283067016,4219.67,1956.19,M655911393,0.0,0.0,0,0
358,TRANSFER,2886.51,C368885566,7989.38,5102.87,C890108142,78679.68,81566.19,0,0
17,CASH_OUT,289818.41,C681201955,636853.49,347035.08,C648697122,0.0,0.0,1,0
214,CASH_IN,5289.29,C612537410,92782.28,98071.57,C169478146,113755.81,108466.52,0,0
18,TRANSFER,3625.03,C436326646,59894.8,56269.77,C106000475,69921.63,73546.66,0,0
87,PAYMENT,4658.19,C952171163,14356.16,9697.97,M657341194,0.0,0.0,0,0
613,CASH_IN,27472.87,C166134582,31766.57,59239.44,C782568457,179247.24,151774.37,0,0
225,CASH_OUT,42898.78,C460217823,115442.48,72543.7,C604388163,39167.34,82066.12,0,0
667,TRANSFER,42876.04,C870739659,227972.74,185096.7,C607268944,149130.69,192006.73,0,0
534,TRANSFER,47736.64,C222793664,86543.55,38806.91,C120943594,188997.34,236733.98,0,0
425,CASH_IN,27409.21,C658611586,120231.7,147640.91,C305276516,485876.39,458467.18,0,0
58,TRANSFER,31901.4,C755681011,62927.77,31026.37,C807525514,193477.54,225378.94,0,0
259,CASH_OUT,29154.16,C414080977,38781.04,9626.88,C385545825,222025.33,251179.49,0,0
289,PAYMENT,5682.16,C692213965,12911.85,7229.69,M206371470,0.0,0.0,0,0
740,PAYMENT,4209.13,C768785749,24285.47,20076.34,M769434199,0.0,0.0,0,0
621,CASH_IN,9580.09,C770782224,162083.27,171663.36,C721804394,85545.07,75964.98,0,0
228,PAYMENT,944.77,C259982157,5968.07,5023.3,M584644189,0.0,0.0,0,0
184,CASH_IN,15214.46,C371637400,72951.91,88166.37,C786335619,225997.36,210782.9,0,0
140,CASH_IN,67261.09,C650453226,137716.46,204977.55,C257440208,40244.4,0.0,0,0
646,CASH_OUT,35333.68,C861207785,49915.84,14582.16,C891390063,42126.43,77460.11,0,0
323,TRANSFER,6728.35,C116812751,70453.69,63725.34,C730325223,165075.97,171804.32,0,0
375,PAYMENT,4556.7,C561269191,29584.95,25028.25,M899294493,0.0,0.0,0,0
11,CASH_OUT,15945.27,C984232996,61396.33,45451.06,C300256959,24447.01,40392.28,0,0
273,PAYMENT,5407.25,C611157816,16857.1,11449.85,M185402735,0.0,0.0,0,0
278,CASH_IN,34224.51,C992309199,48103.73,82328.24,C785138280,415784.27,381559.76,0,0
213,CASH_OUT,23578.24,C688739513,50259.76,26681.52,C639143791,83306.69,106884.93,0,0
111,PAYMENT,1759.49,C432442792,8688.14,6928.65,M314054477,0.0,0.0,0,0
317,CASH_OUT,8384.6,C386923046,18740.79,10356.19,C118610265,93526.1,101910.7,0,0
744,CASH_OUT,41142.1,C508379916,133471.07,92328.97,C171219926,93957.22,135099.32,0,0
335,TRANSFER,38000.35,C372900142,219228.89,181228.54,C395250503,175215.59,213215.94,0,0
525,CASH_OUT,2934.84,C226588244,19960.29,17025.45,C980246980,262543.11,265477.95,0,0
451,PAYMENT,306.06,C704823377,5271.22,4965.16,M557957505,0.0,0.0,0,0
497,TRANSFER,21834.42,C258808022,143169.77,121335.35,C624631195,119487.37,141321.79,0,0
574,CASH_OUT,54032.2,C832489265,71611.26,17579.06,C809752821,107751.82,161784.02,0,0
367,CASH_IN,8370.35,C555678569,190790.78,199161.13,C680381373,471322.87,462952.52,0,0
43,CASH_OUT,6550.66,C308377181,17034.22,10483.56,C155531382,264134.08,270684.74,0,0
66,CASH_OUT,164081.28,C534296127,858735.32,694654.04,C758133521,0.0,0.0,1,0
215,PAYMENT,4430.56,C651461246,35530.09,31099.53,M542267466,0.0,0.0,0,0
179,TRANSFER,23582.57,C611721042,46251.02,22668.45,C107270815,120593.55,144176.12,0,0
82,CASH_IN,13377.72,C119208185,106164.59,119542.31,C971089852,45811.09,32433.37,0,0
24,TRANSFER,6232.54,C551410152,61409.05,55176.51,C352937673,47912.4,54144.94,0,0
444,TRANSFER,63406.99,C907521502,97707.16,34300.17,C723294415,11577.88,74984.87,0,0
294,CASH_OUT,29536.48,C474782786,98685.96,69149.48,C736463433,150709.21,180245.69,0,0
54,PAYMENT,4384.82,C749979635,28792.73,24407.91,M291811895,0.0,0.0,0,0
633,CASH_OUT,4138.8,C659197570,28498.48,24359.68,C736285423,299069.14,303207.94,0,0
284,PAYMENT,484.53,C987581647,5450.65,4966.12,M623686348,0.0,0.0,0,0
204,CASH_OUT,103302.03,C341319888,139527.82,36225.79,C216559498,87413.23,190715.26,0,0
507,CASH_IN,11365.72,C780135687,58621.64,69987.36,C955330074,119144.2,107778.48,0,0
684,CASH_OUT,72229.57,C907107359,211207.85,138978.28,C568073305,73270.77,145500.34,0,0
16,PAYMENT,8172.36,C109612209,72670.95,64498.59,M661586087,0.0,0.0,0,0
548,PAYMENT,3053.42,C457419510,30617.04,27563.62,M748390312,0.0,0.0,0,0
418,CASH_OUT,9194.73,C537250836,15409.66,6214.93,C731234959,264800.07,273994.8,0,0
145,CASH_OUT,10327.76,C873679287,50424.26,40096.5,C237990224,21958.63,32286.39,0,0
424,CASH_OUT,23932.94,C969865581,47139.2,23206.26,C248338518,290092.04,314024.98,0,0
692,CASH_OUT,21794.37,C520676372,46309.7,24515.33,C737214192,17696.28,39490.65,0,0
641,TRANSFER,40355.34,C767870496,226524.11,186168.77,C513409301,120979.96,161335.3,0,0
608,PAYMENT,302.5,C707780772,5451.11,5148.61,M228222267,0.0,0.0,0,0
702,CASH_IN,21770.77,C897889775,49808.93,71579.7,C778168904,351731.65,329960.88,0,0
261,CASH_OUT,280704.52,C210492806,1104216.43,823511.91,C156173710,0.0,0.0,1,0
341,TRANSFER,957601.13,C187911183,1476436.25,518835.12,C670127831,0.0,957601.13,1,1
444,TRANSFER,14083.44,C679872608,45480.96,31397.52,C151388345,81182.09,95265.53,0,0
505,TRANSFER,23025.01,C146419937,36609.43,13584.42,C163254778,35838.72,58863.73,0,0
294,TRANSFER,72209.08,C554873238,201408.71,129199.63,C465594405,121376.5,193585.58,0,0
534,TRANSFER,104373.83,C492238228,496671.16,392297.33,C918081277,66361.49,170735.32,0,0
140,CASH_OUT,360419.6,C813990970,728957.47,0.0,C182375549,0.0,0.0,1,0
8,CASH_OUT,9058.12,C822065481,25283.55,16225.43,C393387552,269871.57,278929.69,0,0
627,CASH_OUT,39978.68,C203072262,89796.67,49817.99,C287982718,251826.32,291805.0,0,0
186,PAYMENT,4060.15,C633557293,43308.76,39248.61,M836961656,0.0,0.0,0,0
25,CASH_IN,1698.1,C149645928,162520.71,164218.81,C974456766,350344.68,348646.58,0,0
70,PAYMENT,595.63,C143089281,6508.93,5913.3,M138660704,0.0,0.0,0,0
512,CASH_OUT,61807.62,C811362191,71118.51,9310.89,C281340978,38867.57,100675.19,0,0
54,PAYMENT,4130.94,C610537146,27142.41,23011.47,M456403162,0.0,0.0,0,0
70,PAYMENT,19.86,C615592958,816.59,796.73,M141491518,0.0,0.0,0,0
199,CASH_OUT,1431.76,C744181149,10572.33,9140.57,C251851490,32116.1,33547.86,0,0
365,PAYMENT,1230.94,C975650103,6579.27,5348.33,M373609169,0.0,0.0,0,0
737,CASH_OUT,8552.99,C377777651,38035.94,29482.95,C965765266,262366.37,270919.36,0,0
31,CASH_OUT,34360.5,C267396883,84478.32,50117.82,C279029593,130463.97,164824.47,0,0
122,CASH_IN,3700.81,C559692746,69312.0,73012.81,C982763769,186528.4,182827.59,0,0
664,PAYMENT,882.73,C265670224,6081.78,5199.05,M234232810,0.0,0.0,0,0
514,CASH_IN,15187.21,C871982710,8900.03,24087.24,C759253673,135534.21,120347.0,0,0
612,CASH_OUT,43914.11,C619087829,127561.83,83647.72,C223105063,15302.75,59216.86,0,0
190,PAYMENT,2539.87,C507823389,17959.34,15419.47,M916262350,0.0,0.0,0,0
610,PAYMENT,898.01,C155526149,12417.31,11519.3,M241023569,0.0,0.0,0,0
574,CASH_IN,20816.49,C314569762,124067.61,144884.1,C691062594,6808.68,0.0,0,0
531,PAYMENT,604.18,C482487569,9122.28,8518.1,M423092144,0.0,0.0,0,0
556,PAYMENT,3023.86,C823448116,13746.38,10722.52,M806689753,0.0,0.0,0,0
9,CASH_OUT,22409.55,C144711091,83324.78,60915.23,C776284093,221640.38,244049.93,0,0
430,CASH_IN,104034.89,C701077620,176893.66,280928.55,C965970393,349440.32,245405.43,0,0
1,PAYMENT,928.46,C681902843,5754.79,4826.33,M620458691,0.0,0.0,0,0
309,CASH_IN,20058.02,C799607657,165581.63,185639.65,C776558879,129886.15,109828.13,0,0
642,TRANSFER,2113.53,C432233273,54336.38,52222.85,C447379832,154810.3,156923.83,0,0
325,TRANSFER,20853.83,C412211356,38321.92,17468.09,C938749582,179396.93,200250.76,0,0
56,CASH_OUT,867.61,C691822731,10284.69,9417.08,C791176068,212123.15,212990.76,0,0
537,PAYMENT,5688.73,C976749131,25251.36,19562.63,M376287948,0.0,0.0,0,0
198,DEBIT,2059.16,C514629612,3223.15,1163.99,C376674832,33918.07,35977.23,0,0
694,PAYMENT,1515.06,C822912261,7731.99,6216.93,M188481273,0.0,0.0,0,0
225,PAYMENT,1427.49,C832667245,7080.48,5652.99,M372879442,0.0,0.0,0,0
90,PAYMENT,8550.49,C992837270,21589.3,13038.81,M854236594,0.0,0.0,0,0
288,CASH_IN,24651.3,C776205293,17525.75,42177.05,C856126143,212074.42,187423.12,0,0
65,CASH_IN,6028.5,C610963829,45779.94,51808.44,C464224002,387208.4,381179.9,0,0
744,PAYMENT,471.7,C723179719,1605.3,1133.6,M768225611,0.0,0.0,0,0
61,CASH_OUT,17797.73,C468299416,37218.44,19420.71,C999377145,195510.4,213308.13,0,0
6,PAYMENT,8741.7,C792429468,64078.1,55336.4,M894430316,0.0,0.0,0,0
348,CASH_OUT,18778.85,C766826484,38146.39,19367.54,C658890111,85882.48,104661.33,0,0
337,CASH_OUT,15708.69,C728122129,29714.7,14006.01,C283195918,80997.67,96706.36,0,0
228,CASH_IN,8297.81,C411376824,187200.06,195497.87,C238737310,390808.09,382510.28,0,0
321,PAYMENT,405.06,C629451759,2613.22,2208.16,M956853316,0.0,0.0,0,0
736,CASH_IN,44025.18,C440175377,77533.09,121558.27,C865912486,123095.22,79070.04,0,0
542,PAYMENT,5284.32,C903004544,47756.02,42471.7,M483546872,0.0,0.0,0,0
235,CASH_OUT,14432.86,C945483170,43884.43,29451.57,C419751007,179831.43,194264.29,0,0
348,PAYMENT,898.94,C911535436,3295.39,2396.45,M362744114,0.0,0.0,0,0
119,CASH_OUT,7105.15,C643135376,16652.35,9547.2,C796625041,203115.27,210220.42,0,0
716,PAYMENT,1931.64,C397444796,24241.31,22309.67,M426530364,0.0,0.0,0,0
54,PAYMENT,4457.71,C643469814,32208.88,27751.17,M153497079,0.0,0.0,0,0
593,CASH_OUT,16473.79,C251068868,51023.92,34550.13,C332718898,153081.46,169555.25,0,0
108,PAYMENT,148.16,C282968397,4143.42,3995.26,M335653276,0.0,0.0,0,0
366,CASH_OUT,16474.66,C406410332,46550.01,30075.35,C254268401,176438.12,192912.78,0,0
93,PAYMENT,3059.23,C779119009,17644.56,14585.33,M488890860,0.0,0.0,0,0
265,CASH_OUT,11659.95,C818278581,29181.27,17521.32,C160297407,42771.68,54431.63,0,0
424,CASH_OUT,11686.89,C861957969,52127.78,40440.89,C504898299,274757.5,286444.39,0,0
696,CASH_OUT,12927.51,C223501340,31925.31,18997.8,C159057801,179709.78,192637.29,0,0
586,CASH_IN,119576.06,C425450964,154051.61,273627.67,C848835675,424168.07,304592.01,0,0
690,CASH_IN,9143.8,C889503614,21932.64,31076.44,C191499735,395360.3,386216.5,0,0
170,TRANSFER,22005.44,C512969799,135515.16,113509.72,C865754936,32873.07,54878.51,0,0
224,PAYMENT,366.89,C302017783,2733.04,2366.15,M439449482,0.0,0.0,0,0
9,CASH_OUT,3284.16,C192711040,28963.39,25679.23,C738171433,43017.45,46301.61,0,0
496,PAYMENT,1496.03,C379497575,13720.32,12224.29,M702276024,0.0,0.0,0,0
561,PAYMENT,1018.37,C634973245,5116.61,4098.24,M134396891,0.0,0.0,0,0
572,CASH_OUT,32568.14,C959043523,46337.05,13768.91,C896761668,246262.92,278831.06,0,0
531,CASH_IN,8110.66,C739179513,129587.34,137698.0,C593334109,81479.3,73368.64,0,0
735,PAYMENT,507.82,C705665501,8415.1,7907.28,M764544903,0.0,0.0,0,0
120,TRANSFER,57949.6,C894461634,174334.19,116384.59,C527731464,163718.37,221667.97,0,0
425,PAYMENT,924.27,C879438544,10089.92,9165.65,M957316735,0.0,0.0,0,0
6,CASH_OUT,539.02,C341875570,3916.84,3377.82,C160542837,125789.47,126328.49,0,0
292,CASH_OUT,51354.15,C856803331,119755.71,68401.56,C185872477,53080.07,104434.22,0,0
710,CASH_OUT,67049.82,C526794469,199474.14,132424.32,C452794611,120202.73,187252.55,0,0
721,TRANSFER,41561.79,C837523154,231356.35,189794.56,C822172462,54318.54,95880.33,0,0
543,TRANSFER,429459.78,C140034546,904613.43,475153.65,C547614312,0.0,0.0,1,1
333,PAYMENT,8157.8,C100873716,35878.34,27720.54,M971631095,0.0,0.0,0,0
118,PAYMENT,5828.71,C612283372,6808.61,979.9,M188543275,0.0,0.0,0,0
47,PAYMENT,1337.79,C764780161,17774.3,16436.51,M606850445,0.0,0.0,0,0
273,CASH_OUT,14578.17,C249955074,25136.8,10558.63,C627912469,138513.36,153091.53,0,0
356,PAYMENT,140.65,C767623327,3346.11,3205.46,M495102134,0.0,0.0,0,0
46,CASH_IN,14169.62,C414102662,46822.07,60991.69,C618634580,10885.89,0.0,0,0
722,CASH_OUT,21624.94,C467403460,34987.88,13362.94,C156737741,49443.6,71068.54,0,0
329,TRANSFER,782.73,C609274952,30303.66,29520.93,C866081200,67761.24,68543.97,0,0
269,CASH_IN,26036.22,C557895826,6887.09,32923.31,C563676867,370460.36,344424.14,0,0
377,PAYMENT,2380.93,C207512011,12640.27,10259.34,M748915480,0.0,0.0,0,0
567,CASH_OUT,99863.2,C549613198,149020.3,49157.1,C364969704,124687.35,224550.55,0,0
583,TRANSFER,15658.52,C385651749,35487.14,19828.62,C205239193,64624.24,80282.76,0,0
319,CASH_OUT,21175.78,C793586307,75311.53,54135.75,C745492796,278945.13,300120.91,0,0
591,CASH_IN,60973.94,C944420504,119953.51,180927.45,C360879897,249653.85,188679.91,0,0
300,PAYMENT,4793.55,C517430887,51145.46,46351.91,M943746460,0.0,0.0,0,0
52,CASH_OUT,29982.35,C250012538,59686.34,29703.99,C319385604,78161.4,108143.75,0,0
663,TRANSFER,16706.93,C922444440,112825.53,96118.6,C627018646,73615.65,90322.58,0,0
412,CASH_OUT,181.33,C685409003,8926.15,8744.82,C499059966,164899.06,165080.39,0,0
336,TRANSFER,121584.57,C740144677,551643.87,430059.3,C560704282,66282.77,187867.34,0,0
549,CASH_OUT,22142.45,C787295197,80964.94,58822.49,C691004696,125874.68,148017.13,0,0
383,PAYMENT,2939.63,C283263966,31655.13,28715.5,M900302789,0.0,0.0,0,0
703,PAYMENT,51.93,C308622617,520.9,468.97,M265969919,0.0,0.0,0,0
245,PAYMENT,1818.54,C441511243,20440.04,18621.5,M627001602,0.0,0.0,0,0
251,PAYMENT,4368.17,C537079839,37502.57,33134.4,M255370170,0.0,0.0,0,0
561,CASH_IN,16994.77,C933721936,187839.95,204834.72,C975311464,226669.41,209674.64,0,0
231,PAYMENT,1601.97,C539490577,7887.88,6285.91,M858931519,0.0,0.0,0,0
559,CASH_IN,36569.22,C683470408,79520.59,116089.81,C293280718,228604.14,192034.92,0,0
284,PAYMENT,8201.0,C218648228,54333.2,46132.2,M766879594,0.0,0.0,0,0
378,CASH_IN,39466.62,C138557923,161624.58,201091.2,C428505797,199709.51,160242.89,0,0
666,CASH_IN,47766.47,C383147786,82462.44,130228.91,C219695839,338715.64,290949.17,0,0
542,CASH_OUT,131452.14,C199748525,322260.94,190808.8,C956418345,196078.48,327530.62,0,0
460,TRANSFER,4242.33,C259968838,46878.7,42636.37,C449198328,126599.95,130842.28,0,0
75,PAYMENT,345.9,C106371219,1476.36,1130.46,M995519301,0.0,0.0,0,0
275,CASH_IN,2623.3,C318819521,112347.07,114970.37,C242462693,217548.48,214925.18,0,0
395,PAYMENT,1651.02,C478610768,20948.59,19297.57,M555086222,0.0,0.0,0,0
477,CASH_OUT,33403.46,C985237262,42051.39,8647.93,C706943500,45314.87,78718.33,0,0
516,TRANSFER,14218.18,C807093521,49275.62,35057.44,C673695327,148805.6,163023.78,0,0
376,PAYMENT,1184.73,C817161050,9744.51,8559.78,M245539623,0.0,0.0,0,0
311,CASH_IN,5336.8,C598141520,186637.63,191974.43,C104625795,280044.48,274707.68,0,0
734,CASH_OUT,6909.2,C355187793,13037.22,6128.02,C801812763,29150.45,36059.65,0,0
277,CASH_IN,30921.04,C895245312,23032.89,53953.93,C212779341,75369.8,44448.76,0,0
294,CASH_IN,7895.41,C476539759,65094.81,72990.22,C570460148,185338.63,177443.22,0,0
379,PAYMENT,5272.35,C167226327,20291.01,15018.66,M656923483,0.0,0.0,0,0
484,CASH_OUT,8571.97,C423756805,24067.97,15496.0,C973622683,148439.64,157011.61,0,0
509,CASH_IN,11217.83,C823312240,52050.59,63268.42,C727992979,197986.2,186768.37,0,0
653,PAYMENT,2334.42,C789940009,9601.44,7267.02,M934261893,0.0,0.0,0,0
744,CASH_OUT,103459.19,C418291019,156096.76,52637.57,C832673353,181277.08,284736.27,0,0
242,TRANSFER,175112.38,C839562541,351123.08,176010.7,C488022372,135454.27,310566.65,0,0
249,CASH_IN,56136.24,C523297584,104829.9,160966.14,C942136104,33489.28,0.0,0,0
351,CASH_OUT,78003.41,C269082044,231278.7,153275.29,C841245695,283756.89,361760.3,0,0
297,CASH_IN,25053.44,C624670571,173044.64,198098.08,C357186538,253345.63,228292.19,0,0
566,CASH_OUT,66866.57,C806030466,200746.83,133880.26,C554030426,21322.77,88189.34,0,0
689,CASH_IN,4799.35,C681825760,77970.1,82769.45,C165189549,192540.67,187741.32,0,0
488,TRANSFER,37138.46,C473097030,200973.36,163834.9,C837876804,153670.2,190808.66,0,0
420,CASH_OUT,53756.39,C286548654,106936.45,53180.06,C607839600,80651.39,134407.78,0,0
482,CASH_OUT,6207.26,C958129549,24068.06,17860.8,C922455454,82291.65,88498.91,0,0
14,CASH_OUT,8908.17,C198905966,37681.76,28773.59,C339696559,253026.15,261934.32,0,0
321,CASH_OUT,55229.31,C393368593,148727.3,93497.99,C832425525,258664.09,313893.4,0,0
360,PAYMENT,3812.9,C742707425,13178.53,9365.63,M311146413,0.0,0.0,0,0
592,PAYMENT,7582.52,C603755545,65434.09,57851.57,M806007046,0.0,0.0,0,0
40,CASH_OUT,36121.3,C624349938,39686.3,3565.0,C923412952,80085.27,116206.57,0,0
375,TRANSFER,31075.7,C756180691,146465.84,115390.14,C140030433,182101.55,213177.25,0,0
74,PAYMENT,554.0,C769395154,6846.76,6292.76,M633076403,0.0,0.0,0,0
147,TRANSFER,43780.84,C363357432,151533.76,107752.92,C435749907,152857.13,196637.97,0,0
71,PAYMENT,1611.67,C344900783,5159.43,3547.76,M315927904,0.0,0.0,0,0
706,TRANSFER,20285.2,C563172992,69863.48,49578.28,C742795912,58549.66,78834.86,0,0
116,PAYMENT,3427.43,C100092440,2004.82,0.0,M543077679,0.0,0.0,0,0
555,TRANSFER,53741.53,C655925329,119961.05,66219.52,C804811050,187142.37,240883.9,0,0
661,PAYMENT,1047.4,C220296004,683.42,0.0,M845304398,0.0,0.0,0,0
414,TRANSFER,11986.67,C521960739,93544.31,81557.64,C661264012,156913.88,168900.55,0,0
197,PAYMENT,163.22,C364422628,4255.4,4092.18,M812986884,0.0,0.0,0,0
562,CASH_OUT,72690.38,C158932116,130870.05,58179.67,C627755189,64778.27,137468.65,0,0
705,PAYMENT,1502.21,C901396350,15512.84,14010.63,M221601941,0.0,0.0,0,0
474,CASH_IN,26535.96,C823316928,179947.82,206483.78,C186286397,87691.59,61155.63,0,0
181,DEBIT,8013.24,C676080104,28829.17,20815.93,C179289714,20302.32,28315.56,0,0
27,PAYMENT,1312.6,C419614577,13270.23,11957.63,M843277376,0.0,0.0,0,0
568,CASH_IN,98286.68,C629194227,85372.74,183659.42,C111483320,256797.77,158511.09,0,0
262,DEBIT,1851.25,C471737953,15690.87,13839.62,C269353202,31108.91,32960.16,0,0
51,DEBIT,2769.66,C413397637,20703.85,17934.19,C208622267,35665.47,38435.13,0,0
539,PAYMENT,1359.86,C868899592,974.1,0.0,M490290244,0.0,0.0,0,0
83,CASH_IN,5045.4,C887372961,125707.66,130753.06,C171661063,200767.31,195721.91,0,0
356,CASH_OUT,50741.66,C326002861,84303.25,33561.59,C721263149,112345.14,163086.8,0,0
693,PAYMENT,1841.42,C654455349,7921.27,6079.85,M252128922,0.0,0.0,0,0
585,PAYMENT,1408.65,C825223707,16842.33,15433.68,M408833331,0.0,0.0,0,0
281,CASH_IN,26938.37,C512889904,1109.39,28047.76,C101789338,35411.45,8473.08,0,0
289,PAYMENT,6381.67,C801516854,19213.2,12831.53,M975409292,0.0,0.0,0,0
219,DEBIT,16779.79,C209689707,47548.69,30768.9,C314496081,12268.44,29048.23,0,0
172,PAYMENT,1266.66,C854048449,5840.2,4573.54,M978614270,0.0,0.0,0,0
150,CASH_IN,20571.12,C840826184,145503.3,166074.42,C566131970,41482.17,20911.05,0,0
422,PAYMENT,2100.12,C932706287,1719.47,0.0,M641888893,0.0,0.0,0,0
226,CASH_IN,31709.8,C761222714,36471.66,68181.46,C964939370,201694.9,169985.1,0,0
285,CASH_OUT,14486.69,C726300707,35707.5,21220.81,C521718136,21177.19,35663.88,0,0
20,CASH_OUT,36931.29,C325807806,48383.77,11452.48,C669181173,182747.37,219678.66,0,0
217,CASH_IN,2369.69,C179265054,10324.18,12693.87,C836697449,66558.08,64188.39,0,0
607,CASH_OUT,83891.91,C236180946,110563.01,26671.1,C281696076,86549.39,170441.3,0,0
726,CASH_IN,3675.54,C651450456,46893.22,50568.76,C168922564,26596.58,22921.04,0,0
642,PAYMENT,5160.57,C333260524,5855.32,694.75,M775356245,0.0,0.0,0,0
18,CASH_OUT,1116915.57,C230576796,3924377.92,2807462.35,C549900150,0.0,0.0,1,0
339,CASH_IN,13475.15,C459159307,130252.28,143727.43,C604007855,405916.61,392441.46,0,0
282,DEBIT,4104.38,C182484434,25342.76,21238.38,C225464482,30013.43,34117.81,0,0
662,TRANSFER,52401.83,C879896885,206932.29,154530.46,C911389227,29605.36,82007.19,0,0
459,PAYMENT,2122.01,C224337773,11345.73,9223.72,M553578945,0.0,0.0,0,0
22,CASH_IN,39244.12,C475054281,62702.02,101946.14,C339673990,480694.01,441449.89,0,0
642,CASH_OUT,38793.48,C172059770,115426.88,76633.4,C840547096,259197.42,297990.9,0,0
228,PAYMENT,1373.86,C481482646,16695.94,15322.08,M429730298,0.0,0.0,0,0
212,PAYMENT,439.81,C210963447,1584.0,1144.19,M355834761,0.0,0.0,0,0
267,CASH_IN,10365.21,C296411871,35578.23,45943.44,C272650902,344338.72,333973.51,0,0
333,PAYMENT,5729.48,C232250358,23419.03,17689.55,M731392093,0.0,0.0,0,0
533,CASH_IN,11199.01,C384847832,141536.2,152735.21,C973360497,154019.79,142820.78,0,0
100,CASH_OUT,47212.15,C722825685,148556.84,101344.69,C912698322,39746.41,86958.56,0,0
415,CASH_IN,53500.03,C160721075,130182.55,183682.58,C670760709,184334.31,130834.28,0,0
637,CASH_OUT,42962.18,C711409423,145431.77,102469.59,C147715082,173381.05,216343.23,0,0
443,TRANSFER,61928.93,C203589811,144840.86,82911.93,C130996458,127655.57,189584.5,0,0
205,CASH_OUT,15332.8,C470488909,22244.49,6911.69,C954318849,209194.31,224527.11,0,0
192,TRANSFER,54384.67,C525952792,255353.2,200968.53,C578030988,148826.1,203210.77,0,0
345,CASH_IN,23267.74,C451974256,13616.02,36883.76,C909406327,408110.72,384842.98,0,0
401,PAYMENT,956.22,C577808070,12601.77,11645.55,M764949290,0.0,0.0,0,0
562,CASH_IN,12701.24,C918046154,132803.35,145504.59,C577597961,418984.59,406283.35,0,0
209,CASH_OUT,110574.83,C350478680,144822.53,34247.7,C166276296,89990.77,200565.6,0,0
720,CASH_OUT,24879.74,C169881415,29627.54,4747.8,C898115456,118965.79,143845.53,0,0
522,PAYMENT,1939.92,C226289300,7138.49,5198.57,M800811839,0.0,0.0,0,0
519,CASH_OUT,8690.38,C507830027,21700.23,13009.85,C198112235,236871.74,245562.12,0,0
402,TRANSFER,44844.89,C756452277,253217.9,208373.01,C330804022,54241.37,99086.26,0,0
628,TRANSFER,65680.29,C959124492,125253.3,59573.01,C602441306,173038.22,238718.51,0,0
279,CASH_OUT,74208.08,C118092042,222437.69,148229.61,C271760675,82517.33,156725.41,0,0
558,CASH_IN,40146.07,C502130841,10796.83,50942.9,C392806484,423084.36,382938.29,0,0
175,TRANSFER,58835.85,C162198144,326654.5,267818.65,C124733688,101699.18,160535.03,0,0
84,CASH_OUT,17700.71,C528540201,25615.34,7914.63,C510756494,37573.32,55274.03,0,0
298,CASH_IN,7180.03,C851223953,55760.6,62940.63,C942052417,218990.0,211809.97,0,0
153,PAYMENT,735.94,C428019057,6825.59,6089.65,M947420787,0.0,0.0,0,0
383,CASH_IN,7503.58,C310129073,142903.91,150407.49,C255973395,177493.56,169989.98,0,0
108,CASH_OUT,79436.86,C716723285,178477.1,99040.24,C906169201,92891.12,172327.98,0,0
673,CASH_OUT,12660.42,C410417163,17450.06,4789.64,C390949352,187841.48,200501.9,0,0
664,CASH_OUT,21495.42,C309807796,57673.05,36177.63,C296438576,103130.58,124626.0,0,0
486,CASH_IN,30725.95,C590775067,176589.76,207315.71,C458631371,472107.41,441381.46,0,0
53,PAYMENT,4359.97,C401675993,43393.78,39033.81,M261132106,0.0,0.0,0,0
215,CASH_IN,776.03,C599957620,14835.42,15611.45,C271263942,24222.71,23446.68,0,0
70,CASH_IN,3376.1,C480246566,196558.81,199934.91,C260193919,118349.36,114973.26,0,0
505,CASH_OUT,4296.79,C176245473,28906.34,24609.55,C822515919,264817.24,269114.03,0,0
672,CASH_IN,72935.97,C302170170,188421.93,261357.9,C678914706,68594.37,0.0,0,0
496,PAYMENT,4328.06,C278910303,20546.14,16218.08,M422001131,0.0,0.0,0,0
119,PAYMENT,4716.16,C398682512,12584.2,7868.04,M892248634,0.0,0.0,0,0
422,CASH_IN,10094.82,C265061507,54448.31,64543.13,C471244871,25557.87,15463.05,0,0
549,CASH_OUT,15137.22,C926776162,18160.63,3023.41,C421290426,261167.75,276304.97,0,0
272,PAYMENT,1090.32,C487897598,13454.97,12364.65,M391285765,0.0,0.0,0,0
453,TRANSFER,143068.39,C798245804,483506.03,340437.64,C233107713,75877.06,218945.45,0,0
695,CASH_OUT,209769.35,C385588146,465664.87,255895.52,C172799861,25938.16,235707.51,0,0
50,PAYMENT,2471.84,C108802537,1458.35,0.0,M673506461,0.0,0.0,0,0
28,CASH_IN,75716.91,C802664743,184825.02,260541.93,C458275925,180974.78,105257.87,0,0
174,PAYMENT,934.49,C710418469,12617.5,11683.01,M665393251,0.0,0.0,0,0
11,TRANSFER,60904.13,C192759147,240567.98,179663.85,C728182789,31432.58,92336.71,0,0
14,TRANSFER,71272.34,C724535218,165849.22,94576.88,C354328668,119478.96,190751.3,0,0
624,CASH_OUT,9604.35,C459787708,25965.19,16360.84,C716612162,10375.02,19979.37,0,0
236,PAYMENT,779.68,C785485392,4976.01,4196.33,M415116306,0.0,0.0,0,0
151,PAYMENT,1471.77,C794359076,18529.83,17058.06,M749278792,0.0,0.0,0,0
653,CASH_OUT,20303.25,C378848143,58311.03,38007.78,C275167021,253118.82,273422.07,0,0
177,PAYMENT,3813.1,C247640965,35225.02,31411.92,M388605145,0.0,0.0,0,0
192,PAYMENT,4344.15,C235595621,40749.47,36405.32,M957168598,0.0,0.0,0,0
117,CASH_OUT,85586.31,C715002215,248498.83,162912.52,C353871119,294679.15,380265.46,0,0
191,PAYMENT,2886.28,C785370712,25412.96,22526.68,M242912785,0.0,0.0,0,0
739,PAYMENT,5966.83,C797587754,46686.2,40719.37,M512833410,0.0,0.0,0,0
73,PAYMENT,2849.35,C680590331,3613.86,764.51,M383217860,0.0,0.0,0,0
25,PAYMENT,1245.26,C262737168,9039.04,7793.78,M566793971,0.0,0.0,0,0
369,CASH_OUT,56914.26,C977921858,112259.92,55345.66,C420937033,44036.43,100950.69,0,0
526,CASH_OUT,11874.38,C383280780,20338.6,8464.22,C346697806,117465.94,129340.32,0,0
744,PAYMENT,2517.68,C578925552,17730.77,15213.09,M994645773,0.0,0.0,0,0
55,CASH_IN,73929.12,C473950890,12968.03,86897.15,C336610132,454025.28,380096.16,0,0
5,CASH_IN,10651.56,C760403823,132369.35,143020.91,C145168289,372462.36,361810.8,0,0
101,CASH_OUT,20624.32,C916440738,63130.95,42506.63,C207918827,271992.98,292617.3,0,0
261,PAYMENT,2353.12,C388432693,12429.76,10076.64,M524973146,0.0,0.0,0,0
321,CASH_OUT,63498.7,C488762687,137562.76,74064.06,C330477943,192081.1,255579.8,0,0
18,PAYMENT,2764.75,C964154110,32151.78,29387.03,M677116363,0.0,0.0,0,0
339,CASH_OUT,65378.97,C611316176,87635.76,22256.79,C411587581,92948.19,158327.16,0,0
320,TRANSFER,43480.17,C521453059,147294.41,103814.24,C633563328,169030.98,212511.15,0,0
267,TRANSFER,102071.27,C807229411,224797.51,122726.24,C867079633,53473.94,155545.21,0,0
44,TRANSFER,14211.13,C160652088,31834.48,17623.35,C884318821,113087.73,127298.86,0,0
319,PAYMENT,2156.59,C333297191,14883.42,12726.83,M491423945,0.0,0.0,0,0
27,CASH_IN,61811.88,C484218774,44044.23,105856.11,C103896166,264696.57,202884.69,0,0
425,PAYMENT,4925.1,C656246481,31495.58,26570.48,M695658776,0.0,0.0,0,0
704,CASH_OUT,70705.13,C424668719,145138.24,74433.11,C444896269,115125.64,185830.77,0,0
686,PAYMENT,1884.04,C597286009,18810.2,16926.16,M204206917,0.0,0.0,0,0
462,CASH_OUT,77121.29,C987163707,184334.55,107213.26,C916587781,162438.82,239560.11,0,0
512,CASH_OUT,21695.04,C439036201,37327.12,15632.08,C309154386,179516.1,201211.14,0,0
666,CASH_OUT,15687.71,C690232953,21890.35,6202.64,C546555629,268315.2,284002.91,0,0
572,CASH_IN,3657.74,C631195727,135223.78,138881.52,C234394850,344234.88,340577.14,0,0
678,CASH_IN,127683.36,C497038452,198498.68,326182.04,C686678538,241821.48,114138.12,0,0
515,CASH_OUT,18951.77,C212546157,23312.24,4360.47,C816267400,155342.34,174294.11,0,0
732,CASH_OUT,82504.44,C890034011,221876.81,139372.37,C268097234,55120.12,137624.56,0,0
223,DEBIT,11512.45,C607212111,33773.51,22261.06,C756655612,27291.67,38804.12,0,0
463,TRANSFER,94756.82,C427289030,159977.57,65220.75,C669811876,65906.71,160663.53,0,0
335,CASH_OUT,84205.38,C827908980,186612.19,102406.81,C493416861,289170.18,373375.56,0,0
298,CASH_OUT,110726.46,C206671691,347009.89,236283.43,C295259572,139804.33,250530.79,0,0
652,CASH_OUT,40818.25,C552762754,68111.22,27292.97,C853984257,247205.83,288024.08,0,0
509,PAYMENT,4808.79,C846747226,19835.49,15026.7,M692152754,0.0,0.0,0,0
492,PAYMENT,599.99,C421158543,4829.14,4229.15,M418064028,0.0,0.0,0,0
349,TRANSFER,2729.25,C703967431,10164.66,7435.41,C177608270,129235.95,131965.2,0,0
447,CASH_IN,20103.22,C461846493,98357.76,118460.98,C186355623,43459.67,23356.45,0,0
191,PAYMENT,1730.03,C846365997,2075.37,345.34,M928730783,0.0,0.0,0,0
538,CASH_OUT,18528.78,C105200063,51437.7,32908.92,C740519390,220702.78,239231.56,0,0
574,CASH_OUT,20795.68,C259913935,65895.57,45099.89,C850795302,27963.48,48759.16,0,0
73,CASH_OUT,2335.67,C180277841,4226.0,1890.33,C275627857,98169.59,100505.26,0,0
694,PAYMENT,2165.22,C583655790,8883.42,6718.2,M960918991,0.0,0.0,0,0
218,PAYMENT,14316.94,C305448834,62128.31,47811.37,M472003334,0.0,0.0,0,0
175,TRANSFER,71245.08,C756738678,148288.5,77043.42,C717128968,92402.39,163647.47,0,0
666,PAYMENT,916.7,C491591960,7252.86,6336.16,M170414755,0.0,0.0,0,0
313,PAYMENT,325.87,C103861109,1152.13,826.26,M948517348,0.0,0.0,0,0
408,TRANSFER,11803.12,C907814914,70493.03,58689.91,C756642251,142304.88,154108.0,0,0
723,PAYMENT,1092.6,C729825856,2934.49,1841.89,M222380427,0.0,0.0,0,0
587,TRANSFER,7520.13,C982804809,18065.08,10544.95,C641501511,53976.82,61496.95,0,0
179,PAYMENT,7849.79,C896353755,52177.26,44327.47,M889233671,0.0,0.0,0,0
147,PAYMENT,287.97,C452001113,5551.75,5263.78,M357082442,0.0,0.0,0,0
665,PAYMENT,191.58,C115480452,6624.84,6433.26,M620970964,0.0,0.0,0,0
98,CASH_IN,16255.91,C654581157,118565.16,134821.07,C677230816,222502.77,206246.86,0,0
434,CASH_OUT,132235.61,C797344046,399326.63,267091.02,C842672285,126616.37,258851.98,0,0
367,CASH_IN,33531.4,C723513102,27953.8,61485.2,C781398006,211958.68,178427.28,0,0
588,CASH_OUT,31828.45,C998451531,59048.57,27220.12,C735830320,38319.63,70148.08,0,0
295,TRANSFER,17533.76,C793958412,120143.85,102610.09,C589955505,159507.62,177041.38,0,0
382,CASH_IN,34506.83,C369456536,86882.45,121389.28,C352147984,303141.89,268635.06,0,0
293,PAYMENT,4737.91,C690306947,24513.49,19775.58,M212636832,0.0,0.0,0,0
478,TRANSFER,14514.32,C637617989,83680.94,69166.62,C949402563,189661.81,204176.13,0,0
113,PAYMENT,7493.98,C682410465,76993.41,69499.43,M803324290,0.0,0.0,0,0
616,PAYMENT,77.89,C392217977,3766.05,3688.16,M556830088,0.0,0.0,0,0
213,TRANSFER,26851.01,C907981199,90891.51,64040.5,C313133530,25220.3,52071.31,0,0
390,CASH_OUT,28565.95,C631144520,91285.95,62720.0,C207017730,29802.51,58368.46,0,0
664,PAYMENT,1958.27,C352138734,22767.05,20808.78,M902813881,0.0,0.0,0,0
190,CASH_OUT,36871.76,C252605278,113956.55,77084.79,C641855552,137090.45,173962.21,0,0
114,CASH_IN,48221.31,C904551228,74604.42,122825.73,C371722511,93239.99,45018.68,0,0
194,PAYMENT,5919.32,C987339907,63052.71,57133.39,M973597808,0.0,0.0,0,0
568,PAYMENT,1948.62,C685247787,23846.05,21897.43,M347860671,0.0,0.0,0,0
434,PAYMENT,1533.57,C133055664,7369.66,5836.09,M782146623,0.0,0.0,0,0
231,CASH_OUT,23817.96,C479146326,51455.69,27637.73,C424307590,263642.58,287460.54,0,0
326,CASH_OUT,113434.89,C506960850,123956.5,10521.61,C682704533,225235.02,338669.91,0,0
418,TRANSFER,37171.65,C292518923,125220.46,88048.81,C400444670,20556.47,57728.12,0,0
45,TRANSFER,22594.24,C682545310,144797.64,122203.4,C398952622,105962.38,128556.62,0,0
527,CASH_IN,29740.2,C254160853,24189.41,53929.61,C500577401,177045.42,147305.22,0,0
254,PAYMENT,4627.28,C347505135,45699.33,41072.05,M323699314,0.0,0.0,0,0
301,PAYMENT,1166.34,C827838942,6894.74,5728.4,M158096739,0.0,0.0,0,0
426,CASH_OUT,27063.33,C463451252,51286.6,24223.27,C816039994,188120.1,215183.43,0,0
680,PAYMENT,4105.39,C166924725,26863.05,22757.66,M178288557,0.0,0.0,0,0
536,CASH_OUT,79585.95,C545186506,154255.71,74669.76,C580618808,29098.5,108684.45,0,0
74,CASH_OUT,20974.1,C929619950,42316.03,21341.93,C986690028,243501.51,264475.61,0,0
735,TRANSFER,7302.62,C153023509,38208.57,30905.95,C917335157,61264.24,68566.86,0,0
259,CASH_OUT,13237.59,C562188095,25448.14,12210.55,C305184815,108361.8,121599.39,0,0
612,TRANSFER,37833.82,C367801614,136889.25,99055.43,C662197792,77038.64,114872.46,0,0
127,CASH_OUT,7358.3,C452856663,23029.6,15671.3,C905791231,140409.77,147768.07,0,0
314,TRANSFER,1097.56,C815603201,34443.27,33345.71,C233225314,142898.08,143995.64,0,0
146,CASH_OUT,101537.84,C246755698,207871.36,106333.52,C250496159,88271.34,189809.18,0,0
214,TRANSFER,8005.27,C779926463,72426.77,64421.5,C346225547,159060.49,167065.76,0,0
380,CASH_OUT,23169.67,C535787342,64605.42,41435.75,C924446792,75723.66,98893.33,0,0
243,PAYMENT,1605.16,C546230988,17514.03,15908.87,M519486643,0.0,0.0,0,0
612,PAYMENT,613.65,C565116490,7519.52,6905.87,M699697244,0.0,0.0,0,0
315,DEBIT,2850.66,C997750635,4154.05,1303.39,C926935002,26586.3,29436.96,0,0
300,PAYMENT,2233.65,C348340642,23241.09,21007.44,M604034074,0.0,0.0,0,0
615,CASH_OUT,23616.08,C793618882,52415.71,28799.63,C338902301,64565.59,88181.67,0,0
407,CASH_OUT,140100.42,C144846637,196600.02,56499.6,C676920411,184025.55,324125.97,0,0
222,CASH_IN,49285.91,C444040532,11565.24,60851.15,C593683117,263795.52,214509.61,0,0
431,CASH_OUT,30134.2,C935662464,65443.34,35309.14,C456213558,70829.07,100963.27,0,0
398,CASH_OUT,11513.26,C472009020,40796.65,29283.39,C844051106,101502.92,113016.18,0,0
398,TRANSFER,54383.8,C376178153,185340.7,130956.9,C495220843,63472.24,117856.04,0,0
104,CASH_OUT,7332.97,C894285385,39593.79,32260.82,C964080219,184687.23,192020.2,0,0
49,PAYMENT,5600.38,C378460780,55374.36,49773.98,M792736611,0.0,0.0,0,0
406,CASH_OUT,22482.4,C531306938,42948.28,20465.88,C880880945,122680.93,145163.33,0,0
382,CASH_OUT,2495978.63,C649768410,2495978.63,0.0,C423308515,0.0,2495978.63,1,0
583,CASH_OUT,25816.38,C678263591,80950.02,55133.64,C681115202,66402.63,92219.01,0,0
672,PAYMENT,983.91,C396398377,5875.55,4891.64,M365213841,0.0,0.0,0,0
222,CASH_OUT,1233.3,C960980466,14737.05,13503.75,C829765636,297197.42,298430.72,0,0
272,TRANSFER,70980.6,C440538217,278200.62,207220.02,C850366633,177669.2,248649.8,0,0
365,TRANSFER,5453.56,C490959259,51848.72,46395.16,C138026961,116250.26,121703.82,0,0
499,CASH_OUT,1114.03,C495480212,9317.06,8203.03,C789964237,243555.25,244669.28,0,0
331,CASH_OUT,22725.56,C111694152,34013.01,11287.45,C611076920,59814.6,82540.16,0,0
195,PAYMENT,741.01,C172143773,7536.58,6795.57,M355937841,0.0,0.0,0,0
605,CASH_IN,20269.44,C502361501,198894.17,219163.61,C886859801,59524.53,39255.09,0,0
739,CASH_OUT,37044.94,C713251776,116425.13,79380.19,C779871046,155278.24,192323.18,0,0
68,CASH_OUT,8843.25,C345764330,18120.83,9277.58,C561400495,192326.88,201170.13,0,0
9,CASH_OUT,111934.03,C818237343,241175.17,129241.14,C976392159,39972.92,151906.95,0,0
557,CASH_OUT,45155.84,C877274878,80533.03,35377.19,C656922994,192763.1,237918.94,0,0
290,PAYMENT,2284.77,C493373436,9882.43,7597.66,M710446617,0.0,0.0,0,0
9,CASH_IN,23351.14,C402526254,187049.61,210400.75,C756153189,95302.15,71951.01,0,0
620,PAYMENT,763.55,C559108877,6189.69,5426.14,M933096514,0.0,0.0,0,0
170,CASH_IN,52777.81,C983905226,189508.99,242286.8,C187248430,320620.98,267843.17,0,0
665,CASH_IN,10524.61,C771762498,86436.05,96960.66,C981633144,31345.09,20820.48,0,0
697,CASH_IN,26941.69,C148801783,57575.19,84516.88,C609949905,231977.85,205036.16,0,0
453,CASH_OUT,24447.17,C232036222,61508.7,37061.53,C870648285,266529.68,290976.85,0,0
560,PAYMENT,501.87,C543992608,6360.72,5858.85,M555974544,0.0,0.0,0,0
88,TRANSFER,42139.79,C659781642,112331.5,70191.71,C318101953,177171.82,219311.61,0,0
618,CASH_IN,4519.48,C316757020,138656.42,143175.9,C114204905,152579.15,148059.67,0,0
351,CASH_IN,88588.31,C905495976,118607.69,207196.0,C880308049,105895.12,17306.81,0,0
130,PAYMENT,2608.14,C542167019,17107.74,14499.6,M688211093,0.0,0.0,0,0
50,TRANSFER,12856.15,C236787042,107287.67,94431.52,C361790102,155429.1,168285.25,0,0
245,CASH_OUT,1567376.86,C119928995,1567376.86,0.0,C439026298,0.0,1567376.86,1,0
537,TRANSFER,44379.02,C713956622,266636.4,222257.38,C611078663,113008.79,157387.81,0,0
391,TRANSFER,848.94,C898508655,6239.54,5390.6,C684307373,107696.25,108545.19,0,0
556,PAYMENT,11755.55,C476366707,66663.12,54907.57,M393986202,0.0,0.0,0,0
104,CASH_IN,9475.24,C256700837,5912.02,15387.26,C703002791,113253.43,103778.19,0,0
310,CASH_OUT,80116.51,C609628739,174057.74,93941.23,C275711099,178101.77,258218.28,0,0
693,PAYMENT,3900.45,C705048405,26391.41,22490.96,M339136628,0.0,0.0,0,0
661,PAYMENT,19823.87,C235769931,179618.01,159794.14,M582868812,0.0,0.0,0,0
597,CASH_IN,4691.62,C774856597,181296.57,185988.19,C481889693,109199.33,104507.71,0,0
534,TRANSFER,93343.61,C780924397,344054.9,250711.29,C985659950,157099.06,250442.67,0,0
273,PAYMENT,3147.54,C933468337,18551.34,15403.8,M502367770,0.0,0.0,0,0
692,PAYMENT,140.23,C683824456,4881.51,4741.28,M575327289,0.0,0.0,0,0
704,PAYMENT,1173.89,C479353061,5090.51,3916.62,M777098352,0.0,0.0,0,0
445,CASH_OUT,41485.22,C340873321,109706.52,68221.3,C845073965,277034.31,318519.53,0,0
11,CASH_IN,57138.4,C749871289,113856.51,170994.91,C266488144,56526.81,0.0,0,0
456,TRANSFER,37622.05,C856191121,116942.04,79319.99,C209348416,96124.4,133746.45,0,0
449,PAYMENT,754.64,C121610888,12498.52,11743.88,M963454432,0.0,0.0,0,0
644,CASH_IN,42451.2,C211308231,27548.51,69999.71,C889401015,179388.03,136936.83,0,0
637,PAYMENT,2684.08,C343505036,21222.0,18537.92,M691726797,0.0,0.0,0,0
541,PAYMENT,823.42,C635232687,5197.04,4373.62,M351018739,0.0,0.0,0,0
268,PAYMENT,3657.71,C577608968,19430.91,15773.2,M542126632,0.0,0.0,0,0
425,PAYMENT,563.06,C275527541,5867.9,5304.84,M808446492,0.0,0.0,0,0
135,CASH_OUT,22923.37,C737767684,54031.57,31108.2,C218803072,284330.93,307254.3,0,0
8,PAYMENT,344.1,C662137432,1393.79,1049.69,M605397869,0.0,0.0,0,0
538,CASH_OUT,15858.8,C747365830,20780.11,4921.31,C207505844,86617.96,102476.76,0,0
105,PAYMENT,716.96,C857681534,7235.78,6518.82,M782461797,0.0,0.0,0,0
345,CASH_IN,24040.9,C119072447,39534.07,63574.97,C716608358,442372.27,418331.37,0,0
667,TRANSFER,11572.55,C281210038,100661.15,89088.6,C897332197,157868.39,169440.94,0,0
307,PAYMENT,622.15,C136427465,1783.01,1160.86,M541085084,0.0,0.0,0,0
478,PAYMENT,729.0,C497269778,3469.23,2740.23,M642430964,0.0,0.0,0,0
317,CASH_IN,135637.35,C238248802,4540.34,140177.69,C177030235,407986.17,272348.82,0,0
464,CASH_OUT,81693.29,C601066950,226328.6,144635.31,C943443157,259242.96,340936.25,0,0
743,CASH_IN,9912.86,C498809082,176613.86,186526.72,C516658730,431953.24,422040.38,0,0
591,TRANSFER,27097.84,C787552731,173125.25,146027.41,C708959595,6735.86,33833.7,0,0
593,TRANSFER,99118.19,C994894435,295871.43,0.0,C632158365,0.0,0.0,1,0
200,CASH_IN,2618.63,C358386885,109645.13,112263.76,C527966304,404272.95,401654.32,0,0
525,TRANSFER,2801.44,C142080866,19647.39,16845.95,C257695200,40107.32,42908.76,0,0
258,CASH_OUT,55046.64,C769231189,93514.03,38467.39,C667389873,290653.16,345699.8,0,0
697,PAYMENT,20856.45,C545730340,190523.64,169667.19,M797451897,0.0,0.0,0,0
500,CASH_IN,4456.14,C518457374,41131.46,45587.6,C638230138,491020.98,486564.84,0,0
263,PAYMENT,1372.14,C249858373,5878.92,4506.78,M214000155,0.0,0.0,0,0
170,PAYMENT,53.96,C300391304,5248.84,5194.88,M216812493,0.0,0.0,0,0
302,CASH_OUT,1377.27,C623930767,1623.02,245.75,C688387847,154559.87,155937.14,0,0
253,TRANSFER,31745.37,C453392173,202188.79,170443.42,C213564935,42298.6,74043.97,0,0
23,CASH_OUT,82683.54,C822175658,266413.78,183730.24,C145158699,127034.4,209717.94,0,0
489,CASH_OUT,135036.19,C364558688,302235.1,167198.91,C507882566,38592.61,173628.8,0,0
318,CASH_IN,24001.91,C395345217,1017.0,25018.91,C407746385,139112.14,115110.23,0,0
420,PAYMENT,2396.1,C239399277,12896.78,10500.68,M979677696,0.0,0.0,0,0
733,CASH_IN,156387.45,C816010235,79899.85,236287.3,C792979019,308811.63,152424.18,0,0
345,CASH_OUT,7220.34,C953872892,23275.76,16055.42,C629091664,282598.46,289818.8,0,0
360,TRANSFER,19679.63,C314529235,108586.87,88907.24,C436230232,73368.54,93048.17,0,0
416,PAYMENT,3327.63,C985984749,2788.04,0.0,M850612673,0.0,0.0,0,0
417,PAYMENT,150.26,C994374200,5287.81,5137.55,M957583899,0.0,0.0,0,0
685,CASH_OUT,1953717.25,C495769676,3998919.49,2045202.24,C214144574,0.0,1953717.25,1,0
695,CASH_IN,5108.75,C147784457,195357.76,200466.51,C665166859,295658.91,290550.16,0,0
649,CASH_OUT,65855.42,C590606919,69754.89,3899.47,C500873704,144493.51,210348.93,0,0
664,PAYMENT,583.9,C700290002,2293.88,1709.98,M836328929,0.0,0.0,0,0
579,CASH_OUT,4872.99,C149688203,7194.14,2321.15,C106413557,12832.18,17705.17,0,0
398,CASH_OUT,15405.59,C613605550,24672.33,9266.74,C932025745,269063.37,284468.96,0,0
688,CASH_OUT,5798.21,C194978313,14126.36,8328.15,C513666839,80186.56,85984.77,0,0
484,CASH_IN,21487.99,C531857633,97819.66,119307.65,C713463226,157853.74,136365.75,0,0
641,PAYMENT,2483.45,C744260758,18378.17,15894.72,M733068245,0.0,0.0,0,0
43,CASH_OUT,14951.85,C683741410,24947.5,9995.65,C889669630,181099.18,196051.03,0,0
339,PAYMENT,843.89,C127120922,8495.62,7651.73,M189971763,0.0,0.0,0,0
684,PAYMENT,872.86,C914583771,8027.27,7154.41,M740008550,0.0,0.0,0,0
322,CASH_OUT,7501.07,C450672098,22237.78,14736.71,C858461122,39154.83,46655.9,0,0
480,PAYMENT,3168.32,C423933797,29551.6,26383.28,M251355243,0.0,0.0,0,0
113,TRANSFER,200254.4,C902792566,469648.91,0.0,C127820312,0.0,0.0,1,1
655,TRANSFER,69271.31,C347028141,248091.15,178819.84,C109948347,47880.1,117151.41,0,0
360,CASH_OUT,45392.11,C944629588,112733.04,67340.93,C173360418,207381.69,252773.8,0,0
587,PAYMENT,765.22,C210705588,8780.77,8015.55,M276546278,0.0,0.0,0,0
15,PAYMENT,897.5,C670755957,1404.65,507.15,M631369165,0.0,0.0,0,0
725,PAYMENT,1077.9,C197356317,3159.06,2081.16,M460881181,0.0,0.0,0,0
598,CASH_OUT,7779.41,C494895694,24880.3,17100.89,C818275324,228981.26,236760.67,0,0
208,PAYMENT,699.01,C975353559,1265.45,566.44,M840371118,0.0,0.0,0,0
689,PAYMENT,920.98,C243825321,2977.23,2056.25,M356165519,0.0,0.0,0,0
455,PAYMENT,1639.57,C975598792,5836.38,4196.81,M456220636,0.0,0.0,0,0
526,TRANSFER,46814.73,C674162160,187394.3,140579.57,C650034852,158124.24,204938.97,0,0
391,PAYMENT,992.75,C563094280,9620.03,8627.28,M560600311,0.0,0.0,0,0
364,PAYMENT,1373.67,C996435371,9528.93,8155.26,M563067705,0.0,0.0,0,0
655,PAYMENT,1656.1,C648630812,6232.56,4576.46,M938507800,0.0,0.0,0,0
416,TRANSFER,1251.82,C743555234,41007.7,39755.88,C784642175,134040.29,135292.11,0,0
559,PAYMENT,3540.93,C970040829,2305.97,0.0,M181161574,0.0,0.0,0,0
463,PAYMENT,254.57,C515743047,3014.54,2759.97,M518821403,0.0,0.0,0,0
556,CASH_IN,68032.8,C558182010,45786.7,113819.5,C485663610,489072.05,421039.25,0,0
639,TRANSFER,49192.98,C580817764,129352.95,80159.97,C713293446,111587.99,160780.97,0,0
398,PAYMENT,7330.97,C133847039,65072.47,57741.5,M477177308,0.0,0.0,0,0
726,PAYMENT,6278.21,C757475136,9964.14,3685.93,M527925013,0.0,0.0,0,0
719,CASH_OUT,15855.14,C837550265,28429.31,12574.17,C211613381,128308.19,144163.33,0,0
571,PAYMENT,1046.07,C755983147,1836.7,790.63,M238541858,0.0,0.0,0,0
268,PAYMENT,1572.74,C663480820,1162.4,0.0,M951542923,0.0,0.0,0,0
9,PAYMENT,4159.21,C248121363,25505.13,21345.92,M543446790,0.0,0.0,0,0
529,CASH_OUT,46047.75,C606804855,148271.36,102223.61,C232572921,224463.55,270511.3,0,0
478,TRANSFER,84394.26,C490639935,445144.6,360750.34,C531538836,125906.84,210301.1,0,0
119,CASH_OUT,20199.11,C926873368,61710.11,41511.0,C718539395,266096.53,286295.64,0,0
3,CASH_OUT,22115.5,C314355730,34812.6,12697.1,C157735135,165173.65,187289.15,0,0
439,TRANSFER,66530.92,C628977271,283079.95,216549.03,C952110109,198408.27,264939.19,0,0
628,PAYMENT,7481.91,C513720527,8917.37,1435.46,M595020874,0.0,0.0,0,0
112,PAYMENT,4093.12,C313702913,37671.37,33578.25,M247221936,0.0,0.0,0,0
586,CASH_IN,26112.2,C344590161,69055.44,95167.64,C798757186,357225.18,331112.98,0,0
638,CASH_IN,2618.68,C185440172,6242.37,8861.05,C947515654,118357.48,115738.8,0,0
251,CASH_OUT,27698.9,C401525258,39738.65,12039.75,C207964786,10847.38,38546.28,0,0
317,PAYMENT,426.3,C754214123,4186.81,3760.51,M688464129,0.0,0.0,0,0
203,CASH_OUT,36142.26,C944498704,109283.67,73141.41,C113347477,85102.81,121245.07,0,0
218,CASH_OUT,106671.06,C981173076,222311.01,115639.95,C839805456,145229.18,251900.24,0,0
464,PAYMENT,826.1,C260019039,12181.3,11355.2,M568037375,0.0,0.0,0,0
270,CASH_OUT,30541.27,C325656342,83206.4,52665.13,C107900258,48517.64,79058.91,0,0
210,CASH_OUT,14091.53,C804463732,35359.81,21268.28,C426939599,79349.66,93441.19,0,0
532,CASH_IN,14621.57,C722674147,26068.84,40690.41,C807182919,125867.66,111246.09,0,0
501,TRANSFER,173974.25,C761989767,472552.71,298578.46,C947700567,112456.89,286431.14,0,0
420,CASH_OUT,41267.31,C417518834,62969.5,21702.19,C318755012,154289.51,195556.82,0,0
272,CASH_OUT,7836.43,C183706644,24838.73,17002.3,C554618103,157851.37,165687.8,0,0
355,PAYMENT,466.39,C863502010,930.91,464.52,M649045930,0.0,0.0,0,0
110,PAYMENT,4354.61,C135168033,7823.86,3469.25,M716385309,0.0,0.0,0,0
615,PAYMENT,1631.96,C158455839,12298.69,10666.73,M147655970,0.0,0.0,0,0
173,CASH_OUT,62700.4,C740355658,127931.76,65231.36,C493551454,61622.46,124322.86,0,0
28,CASH_OUT,19985.69,C561643065,37540.61,17554.92,C638471380,274567.66,294553.35,0,0
647,PAYMENT,1240.57,C887776468,2775.59,1535.02,M804851559,0.0,0.0,0,0
329,CASH_OUT,54528.7,C887440619,167885.92,113357.22,C992542344,288581.69,343110.39,0,0
227,CASH_OUT,1632805.35,C201514720,1632805.35,0.0,C194835535,0.0,1632805.35,1,0
375,PAYMENT,1079.96,C960067458,7899.64,6819.68,M194850012,0.0,0.0,0,0
553,TRANSFER,92505.51,C549451239,455336.66,362831.15,C462083782,138429.84,230935.35,0,0
276,PAYMENT,2360.13,C217591776,15620.82,13260.69,M517943910,0.0,0.0,0,0
60,CASH_IN,60745.56,C217119056,102190.38,162935.94,C129128447,357210.21,296464.65,0,0
742,CASH_OUT,16274.83,C205530400,34123.66,17848.83,C364737315,33927.61,50202.44,0,0
528,CASH_OUT,15998.23,C669999199,53278.17,37279.94,C639725670,235864.08,251862.31,0,0
244,TRANSFER,13949.22,C666042186,114336.76,100387.54,C228938129,62903.06,76852.28,0,0
434,PAYMENT,994.82,C263355288,8643.85,7649.03,M851695364,0.0,0.0,0,0
589,CASH_OUT,8223.14,C159776978,37630.2,29407.06,C645040965,75169.62,83392.76,0,0
235,CASH_IN,23972.37,C716988436,98340.54,122312.91,C430571286,168291.4,144319.03,0,0
419,PAYMENT,502.59,C134534846,1834.72,1332.13,M503486072,0.0,0.0,0,0
94,PAYMENT,2867.35,C482360489,13362.55,10495.2,M801593863,0.0,0.0,0,0
240,PAYMENT,5253.7,C331514695,19457.36,14203.66,M175426408,0.0,0.0,0,0
305,PAYMENT,78.61,C364436872,959.96,881.35,M872194792,0.0,0.0,0,0
644,CASH_IN,33040.39,C323481655,140151.03,173191.42,C498652933,176980.21,143939.82,0,0
528,CASH_IN,26196.1,C207058469,113433.52,139629.62,C765543179,254591.61,228395.51,0,0
329,PAYMENT,3754.41,C542076092,40975.6,37221.19,M678783431,0.0,0.0,0,0
200,CASH_IN,8609.6,C662106192,75825.77,84435.37,C403285097,351819.82,343210.22,0,0
60,PAYMENT,12634.23,C433601062,32413.28,19779.05,M550387327,0.0,0.0,0,0
624,PAYMENT,4511.53,C714070430,12923.63,8412.1,M438421460,0.0,0.0,0,0
123,CASH_OUT,59189.92,C647706257,181308.31,122118.39,C462175741,74145.69,133335.61,0,0
197,CASH_OUT,19079.38,C855161714,49047.58,29968.2,C692522705,124250.0,143329.38,0,0
362,CASH_IN,53895.42,C721697955,148507.96,202403.38,C699267882,424540.19,370644.77,0,0
231,PAYMENT,5573.35,C290874235,35976.74,30403.39,M271207828,0.0,0.0,0,0
291,CASH_IN,115740.85,C628210842,182001.0,297741.85,C627041724,164037.35,48296.5,0,0
286,PAYMENT,1736.61,C712653208,9824.02,8087.41,M269439577,0.0,0.0,0,0
96,CASH_IN,29711.98,C796583916,149947.68,179659.66,C363748839,259942.26,230230.28,0,0
717,CASH_OUT,89235.37,C254961974,257134.76,167899.39,C806274943,29923.7,119159.07,0,0
257,CASH_OUT,16263.64,C694634523,34496.99,18233.35,C297873354,176272.27,192535.91,0,0
409,TRANSFER,28483.48,C629140121,105923.39,77439.91,C545372003,156544.85,185028.33,0,0
4,PAYMENT,1877.28,C526675238,5364.36,3487.08,M405045762,0.0,0.0,0,0
714,CASH_OUT,25839.1,C258864445,70801.13,44962.03,C319318381,95019.14,120858.24,0,0
543,CASH_IN,16320.51,C207253765,85248.46,101568.97,C881538701,78299.51,61979.0,0,0
227,CASH_OUT,14838.99,C148132717,56283.02,41444.03,C867133347,105023.01,119862.0,0,0
378,PAYMENT,156.36,C557668922,5047.24,4890.88,M154862325,0.0,0.0,0,0
102,CASH_OUT,6915.25,C434048255,11699.52,4784.27,C840929836,149538.0,156453.25,0,0
462,CASH_OUT,16253.14,C376534174,37128.68,20875.54,C581642187,147804.72,164057.86,0,0
520,CASH_OUT,83083.25,C889247878,84535.86,1452.61,C165383593,37262.89,120346.14,0,0
258,DEBIT,4780.4,C442411150,6043.88,1263.48,C891559471,2491.28,7271.68,0,0
110,CASH_OUT,782.19,C797171142,1543.45,761.26,C970279507,133804.13,134586.32,0,0
688,PAYMENT,935.82,C158839034,11519.87,10584.05,M434788063,0.0,0.0,0,0
539,PAYMENT,7388.83,C521489251,57020.86,49632.03,M778609084,0.0,0.0,0,0
138,PAYMENT,160.65,C669355717,4978.86,4818.21,M318319483,0.0,0.0,0,0
279,CASH_OUT,23419.99,C766628744,66069.48,42649.49,C684905262,248126.77,271546.76,0,0
716,CASH_OUT,9939.47,C412245889,36568.5,26629.03,C952752789,281358.26,291297.73,0,0
445,PAYMENT,777.28,C526324004,7088.78,6311.5,M201649188,0.0,0.0,0,0
476,TRANSFER,2472.67,C363459512,42332.88,39860.21,C343106625,134225.05,136697.72,0,0
103,CASH_OUT,16346.43,C702503798,50905.57,34559.14,C381609360,151307.78,167654.21,0,0
166,PAYMENT,698.8,C475391634,10386.77,9687.97,M925734632,0.0,0.0,0,0
90,CASH_OUT,78870.03,C983359602,87538.0,8667.97,C561709166,94599.17,173469.2,0,0
551,CASH_IN,33131.69,C187206998,150355.14,183486.83,C808367125,357406.69,324275.0,0,0
536,CASH_OUT,15691.39,C360040874,48500.59,32809.2,C476224478,115996.4,131687.79,0,0
687,CASH_IN,10461.06,C199795161,99505.88,109966.94,C940603929,479977.9,469516.84,0,0
506,PAYMENT,3551.45,C829750654,17305.76,13754.31,M904554710,0.0,0.0,0,0
387,TRANSFER,7671.73,C742512305,33703.45,26031.72,C528154842,187038.41,194710.14,0,0
474,TRANSFER,4835.3,C733900966,27601.87,22766.57,C731720982,43073.4,47908.7,0,0
472,CASH_OUT,64075.73,C855952613,209378.3,145302.57,C434863746,201015.38,265091.11,0,0
309,CASH_IN,30961.22,C605641736,113102.84,144064.06,C958775179,87459.35,56498.13,0,0
459,DEBIT,1879.66,C184107887,3811.57,1931.91,C496363421,38172.96,40052.62,0,0
6,TRANSFER,7535.79,C473485551,37016.22,29480.43,C903154313,111074.51,118610.3,0,0
399,CASH_IN,547.97,C507830997,180499.42,181047.39,C245032548,430250.44,429702.47,0,0
150,CASH_IN,17375.0,C683402802,15607.56,32982.56,C338000676,6929.24,0.0,0,0
2,CASH_OUT,66140.24,C143521194,195599.84,129459.6,C370740013,170123.17,236263.41,0,0
645,TRANSFER,8229.51,C105823093,63141.67,54912.16,C480793894,46794.81,55024.32,0,0
429,CASH_OUT,176608.36,C125662987,459672.08,283063.72,C306386627,202745.21,379353.57,0,0
81,PAYMENT,4227.59,C175311805,28529.76,24302.17,M363619558,0.0,0.0,0,0
685,TRANSFER,3515.15,C402623711,5630.71,2115.56,C640256179,42229.18,45744.33,0,0
232,CASH_IN,10802.34,C136496030,128298.65,139100.99,C961050080,442168.48,431366.14,0,0
447,TRANSFER,177102.31,C634540350,932412.58,755310.27,C949560443,34889.71,211992.02,0,0
335,PAYMENT,3176.79,C883117384,7792.36,4615.57,M654425770,0.0,0.0,0,0
703,CASH_IN,15011.1,C554514131,173000.38,188011.48,C657901336,280484.18,265473.08,0,0
589,PAYMENT,5203.18,C500385628,42569.77,37366.59,M977594654,0.0,0.0,0,0
722,CASH_IN,42763.83,C868463871,8550.08,51313.91,C568281562,49117.12,6353.29,0,0
4,PAYMENT,6411.08,C979932565,64178.54,57767.46,M836799853,0.0,0.0,0,0
105,CASH_OUT,1596.91,C677308819,8434.94,6838.03,C452786867,215475.67,217072.58,0,0
183,CASH_OUT,29316.38,C361249779,67685.53,38369.15,C969955948,180801.85,210118.23,0,0
588,PAYMENT,837.25,C461352235,1628.8,791.55,M211025425,0.0,0.0,0,0
591,CASH_IN,7013.39,C690649664,80930.82,87944.21,C974992789,325486.13,318472.74,0,0
136,PAYMENT,1681.01,C450741595,2723.04,1042.03,M130426960,0.0,0.0,0,0
646,PAYMENT,11927.12,C756995791,21170.91,9243.79,M899143611,0.0,0.0,0,0
605,CASH_OUT,7645.17,C823425405,29081.4,21436.23,C192801198,270484.16,278129.33,0,0
559,PAYMENT,461.77,C644870155,6281.4,5819.63,M971734208,0.0,0.0,0,0
42,TRANSFER,78993.73,C464593730,183460.17,104466.44,C302405901,51590.59,130584.32,0,0
539,PAYMENT,243.26,C524604463,2611.22,2367.96,M553001405,0.0,0.0,0,0
599,CASH_OUT,19958.04,C568535751,27229.01,7270.97,C630601845,61262.15,81220.19,0,0
292,CASH_OUT,72685.48,C470355261,87171.75,14486.27,C578433629,221077.47,293762.95,0,0
236,CASH_IN,27234.07,C189554381,122485.0,149719.07,C531017250,151072.62,123838.55,0,0
39,CASH_OUT,11531.47,C305425399,35943.26,24411.79,C519806743,41886.78,53418.25,0,0
25,TRANSFER,27236.51,C905779322,66906.53,39670.02,C584801067,160806.89,188043.4,0,0
630,PAYMENT,438.87,C880897909,8819.62,8380.75,M728767740,0.0,0.0,0,0
354,PAYMENT,3733.18,C279399731,16612.93,12879.75,M704144028,0.0,0.0,0,0
724,CASH_OUT,23030.01,C446407447,84281.59,61251.58,C509370454,42379.6,65409.61,0,0
630,TRANSFER,23425.21,C861241086,66902.79,43477.58,C910912211,107902.06,131327.27,0,0
450,CASH_IN,3381.88,C677346560,44020.9,47402.78,C180762541,411824.01,408442.13,0,0
419,PAYMENT,8833.89,C740374159,45280.88,36446.99,M950922005,0.0,0.0,0,0
221,CASH_OUT,40479.19,C779244048,75263.65,34784.46,C324538493,298137.23,338616.42,0,0
393,TRANSFER,38588.13,C687938169,194894.68,156306.55,C860391524,143842.89,182431.02,0,0
364,CASH_OUT,6694.39,C365382327,9160.85,2466.46,C600840279,24448.12,31142.51,0,0
280,CASH_IN,42834.42,C907634615,1934.73,44769.15,C114824490,239588.26,196753.84,0,0
374,CASH_OUT,12413.56,C615098332,38046.33,25632.77,C515073487,198794.35,211207.91,0,0
620,CASH_IN,12733.14,C677235479,183484.68,196217.82,C349066112,364305.69,351572.55,0,0
560,CASH_OUT,26885.92,C848522619,76576.46,49690.54,C447568666,248341.61,275227.53,0,0
262,PAYMENT,5507.6,C880205064,24435.75,18928.15,M368668571,0.0,0.0,0,0
438,CASH_IN,1647.68,C788232308,187813.11,189460.79,C797964448,219111.34,217463.66,0,0
34,CASH_OUT,37330.67,C850405343,118780.96,81450.29,C652885228,164898.12,202228.79,0,0
554,PAYMENT,4048.36,C801457357,13575.02,9526.66,M778136047,0.0,0.0,0,0
347,PAYMENT,8345.34,C286675954,54658.03,46312.69,M205819315,0.0,0.0,0,0
232,TRANSFER,91251.97,C190051194,212086.8,120834.83,C767620406,5540.73,96792.7,0,0
334,CASH_OUT,11392.82,C257530073,41705.08,30312.26,C959998133,137113.49,148506.31,0,0
396,PAYMENT,3793.39,C153312407,10691.73,6898.34,M714457408,0.0,0.0,0,0
362,TRANSFER,26848.17,C202687286,132485.95,105637.78,C555343719,131465.68,158313.85,0,0
3,PAYMENT,2664.75,C429317498,14815.56,12150.81,M975058314,0.0,0.0,0,0
143,TRANSFER,6899.48,C798995498,49805.71,42906.23,C144203368,88415.67,95315.15,0,0
130,CASH_OUT,57707.78,C579006020,133115.34,75407.56,C772024076,148497.88,206205.66,0,0
495,CASH_OUT,36143.29,C935655993,96703.39,60560.1,C818465437,268809.05,304952.34,0,0
698,CASH_IN,31054.1,C583506633,51267.25,82321.35,C736098276,179419.31,148365.21,0,0
285,PAYMENT,813.25,C583043348,9970.12,9156.87,M310028526,0.0,0.0,0,0
548,CASH_OUT,16118.59,C976861320,43001.6,26883.01,C761463221,135923.85,152042.44,0,0
408,CASH_IN,2466.82,C854679099,88720.48,91187.3,C241708659,350581.16,348114.34,0,0
727,CASH_OUT,25619.45,C403429304,58183.83,32564.38,C446953737,228121.83,253741.28,0,0
469,CASH_IN,26120.08,C744112420,128747.44,154867.52,C421066380,180724.09,154604.01,0,0
480,TRANSFER,23384.27,C897379521,132903.57,109519.3,C494598075,139630.35,163014.62,0,0
662,PAYMENT,2928.19,C637532572,6899.77,3971.58,M972547555,0.0,0.0,0,0
587,PAYMENT,154.6,C374746733,869.96,715.36,M603413486,0.0,0.0,0,0
735,CASH_OUT,21906.59,C258382830,56752.54,34845.95,C790156682,11161.36,33067.95,0,0
198,CASH_OUT,37770.13,C536905249,121390.64,83620.51,C755248665,210199.28,247969.41,0,0
338,PAYMENT,9914.56,C415340449,79504.55,69589.99,M190777907,0.0,0.0,0,0
543,PAYMENT,5309.82,C575673452,14185.9,8876.08,M435860447,0.0,0.0,0,0
555,CASH_OUT,24862.71,C525806751,86218.99,61356.28,C715009746,105013.18,129875.89,0,0
213,CASH_OUT,26678.46,C298308333,32205.52,5527.06,C798834412,278117.61,304796.07,0,0
52,PAYMENT,976.58,C632087930,2085.75,1109.17,M665261256,0.0,0.0,0,0
389,TRANSFER,76095.7,C724999217,276394.86,200299.16,C309833104,28245.11,104340.81,0,0
325,CASH_OUT,61616.59,C707274658,156701.5,95084.91,C802409684,55537.52,117154.11,0,0
145,PAYMENT,442.64,C650384043,1135.36,692.72,M717882373,0.0,0.0,0,0
318,CASH_OUT,25935.3,C884463615,62812.77,36877.47,C449562935,236797.63,262732.93,0,0
237,PAYMENT,4249.61,C881747563,29616.39,25366.78,M418566913,0.0,0.0,0,0
701,PAYMENT,876.85,C751615915,5947.33,5070.48,M626965414,0.0,0.0,0,0
322,CASH_OUT,8356.78,C743891017,36941.98,28585.2,C382277511,131221.92,139578.7,0,0
238,PAYMENT,2592.11,C140398191,27997.36,25405.25,M672740027,0.0,0.0,0,0
423,CASH_OUT,1277498.28,C593182224,1277498.28,0.0,C606082239,0.0,1277498.28,1,0
728,PAYMENT,5528.86,C132779948,11516.55,5987.69,M424238640,0.0,0.0,0,0
52,CASH_OUT,39189.05,C793924160,123920.33,84731.28,C815421999,232128.37,271317.42,0,0
646,PAYMENT,1438.37,C638202564,10771.7,9333.33,M152847311,0.0,0.0,0,0
11,PAYMENT,5577.37,C376409072,12130.94,6553.57,M179280885,0.0,0.0,0,0
192,PAYMENT,6114.18,C927052066,15957.88,9843.7,M333903143,0.0,0.0,0,0
453,CASH_IN,9886.66,C340001201,12792.47,22679.13,C420094859,233655.15,223768.49,0,0
508,CASH_IN,65848.3,C902228540,41865.06,107713.36,C110092870,497010.94,431162.64,0,0
590,CASH_OUT,1666.24,C230621233,4121.21,2454.97,C825901654,275953.81,277620.05,0,0
693,CASH_IN,55228.16,C540447956,13850.35,69078.51,C466703745,206486.0,151257.84,0,0
344,CASH_OUT,18868.95,C442308536,20164.99,1296.04,C943730995,151631.72,170500.67,0,0
687,PAYMENT,1547.78,C772761878,13599.36,12051.58,M995714635,0.0,0.0,0,0
609,TRANSFER,43682.15,C289768209,134516.73,90834.58,C426162691,47602.69,91284.84,0,0
410,CASH_OUT,84960.64,C287684361,207371.27,122410.63,C241300409,237139.8,322100.44,0,0
421,CASH_IN,14407.84,C386874379,108135.2,122543.04,C346671262,102709.94,88302.1,0,0
681,CASH_IN,11273.35,C110637732,179865.33,191138.68,C324273294,444353.85,433080.5,0,0
537,CASH_OUT,13806.73,C140735118,36326.73,22520.0,C711653856,264737.66,278544.39,0,0
134,CASH_IN,31773.29,C650652014,187582.3,219355.59,C499847494,212578.43,180805.14,0,0
558,TRANSFER,85972.43,C373877867,408122.66,322150.23,C351929390,35160.08,121132.51,0,0
744,PAYMENT,230.35,C141082336,2979.85,2749.5,M971403838,0.0,0.0,0,0
571,PAYMENT,959.32,C519195766,12090.55,11131.23,M994952956,0.0,0.0,0,0
682,CASH_OUT,8082.15,C636035427,17824.2,9742.05,C739108050,232236.45,240318.6,0,0
596,CASH_OUT,23661.82,C800792972,52577.18,28915.36,C437692602,136620.23,160282.05,0,0
516,PAYMENT,4443.51,C697672692,37284.39,32840.88,M669380839,0.0,0.0,0,0
313,PAYMENT,1200.14,C901683893,13282.21,12082.07,M779417300,0.0,0.0,0,0
518,CASH_OUT,32318.88,C906968387,75348.49,43029.61,C709277792,54123.02,86441.9,0,0
449,CASH_IN,59301.99,C854761972,186325.88,245627.87,C483571923,453395.29,394093.3,0,0
420,PAYMENT,772.84,C956680940,9442.11,8669.27,M870206567,0.0,0.0,0,0
629,PAYMENT,1950.06,C755789323,23330.87,21380.81,M749572144,0.0,0.0,0,0
723,CASH_IN,6650.72,C411529591,96930.09,103580.81,C548966992,243982.02,237331.3,0,0
136,CASH_IN,43357.64,C938477936,169902.28,213259.92,C637910502,157885.17,114527.53,0,0
720,CASH_OUT,29207.52,C534510099,99779.78,70572.26,C100849303,289720.7,318928.22,0,0
58,CASH_IN,4201.02,C160990259,133047.92,137248.94,C502054464,364076.43,359875.41,0,0
360,CASH_OUT,88814.77,C784982413,208160.77,119346.0,C292517360,44670.58,133485.35,0,0
200,CASH_IN,28590.49,C614226372,128389.4,156979.89,C761387608,425195.36,396604.87,0,0
125,CASH_OUT,49291.68,C238300489,98742.22,49450.54,C266521572,193135.64,242427.32,0,0
279,TRANSFER,7786.92,C944077993,79514.65,71727.73,C169033989,175815.56,183602.48,0,0
252,CASH_IN,4916.8,C436488400,199294.74,204211.54,C930934870,407718.58,402801.78,0,0
148,PAYMENT,355.2,C679853617,1809.85,1454.65,M855712011,0.0,0.0,0,0
452,PAYMENT,2344.05,C964516398,16575.31,14231.26,M993745696,0.0,0.0,0,0
26,CASH_IN,74388.74,C336375721,92699.71,167088.45,C768768717,213017.87,138629.13,0,0
424,CASH_IN,76867.36,C350547120,166173.64,243041.0,C216052574,320101.13,243233.77,0,0
698,PAYMENT,2253.52,C823066003,20690.63,18437.11,M562467617,0.0,0.0,0,0
203,PAYMENT,5008.22,C360477516,24964.42,19956.2,M553478482,0.0,0.0,0,0
326,CASH_OUT,49082.12,C232338378,100553.63,51471.51,C506717065,129871.55,178953.67,0,0
196,CASH_IN,29600.55,C676599964,42364.79,71965.34,C453439408,49624.21,20023.66,0,0
415,CASH_IN,3285.17,C821963527,37403.62,40688.79,C906711453,350458.73,347173.56,0,0
369,CASH_IN,25272.37,C679413367,154799.76,180072.13,C389449335,266108.12,240835.75,0,0
293,PAYMENT,1094.74,C656623060,8933.54,7838.8,M363389038,0.0,0.0,0,0
197,CASH_IN,24306.17,C946607125,65877.01,90183.18,C511636961,129445.96,105139.79,0,0
160,CASH_IN,9274.19,C258695504,69886.91,79161.1,C549458774,484063.79,474789.6,0,0
224,CASH_OUT,58899.55,C596584623,130078.25,71178.7,C926713213,41540.12,100439.67,0,0
367,PAYMENT,1913.71,C932734028,7066.1,5152.39,M399394174,0.0,0.0,0,0
206,CASH_OUT,24381.98,C906239304,90856.19,66474.21,C852323297,99248.79,123630.77,0,0
123,PAYMENT,2123.4,C832568213,9040.26,6916.86,M503564951,0.0,0.0,0,0
457,PAYMENT,519.84,C617099236,553.41,33.57,M479078498,0.0,0.0,0,0
734,CASH_OUT,52648.67,C851144037,118397.81,65749.14,C470626487,256498.47,309147.14,0,0
592,PAYMENT,7095.23,C145560823,21270.04,14174.81,M285293052,0.0,0.0,0,0
454,PAYMENT,139.26,C611124005,343.59,204.33,M375730878,0.0,0.0,0,0
730,CASH_OUT,24750.08,C579114439,52919.66,28169.58,C869743551,204214.12,228964.2,0,0
377,PAYMENT,2487.99,C886181478,9916.43,7428.44,M900208583,0.0,0.0,0,0
714,CASH_OUT,429.71,C492367118,8268.6,7838.89,C942379829,254837.85,255267.56,0,0
55,PAYMENT,3094.35,C876983923,7268.53,4174.18,M527012887,0.0,0.0,0,0
262,DEBIT,7994.66,C764346190,15991.0,7996.34,C400409526,11137.72,19132.38,0,0
91,CASH_OUT,5831.27,C630580543,31299.27,25468.0,C633360540,221905.37,227736.64,0,0
682,CASH_OUT,6141.1,C906131547,36441.0,30299.9,C925072335,254746.42,260887.52,0,0
579,CASH_OUT,185436.91,C399628975,501621.86,316184.95,C716175192,75358.06,260794.97,0,0
417,CASH_IN,63110.31,C695908547,185242.42,248352.73,C318468727,240156.53,177046.22,0,0
391,PAYMENT,990.24,C649151318,10700.78,9710.54,M797420551,0.0,0.0,0,0
149,TRANSFER,8343.55,C332105574,42096.25,33752.7,C588542730,94259.34,102602.89,0,0
368,PAYMENT,2880.47,C350850172,26091.28,23210.81,M810517351,0.0,0.0,0,0
429,CASH_OUT,73956.04,C671867113,179211.65,105255.61,C899559911,182498.53,256454.57,0,0
355,PAYMENT,1723.93,C289283682,21796.46,20072.53,M752216692,0.0,0.0,0,0
189,PAYMENT,3458.34,C251481175,35640.86,32182.52,M917499951,0.0,0.0,0,0
384,CASH_OUT,8253.89,C646710326,28843.6,20589.71,C629695820,237358.95,245612.84,0,0
397,PAYMENT,664.43,C105282645,9300.57,8636.14,M659104154,0.0,0.0,0,0
643,PAYMENT,2766.01,C292966801,20822.46,18056.45,M580079825,0.0,0.0,0,0
638,CASH_OUT,6479.01,C560350483,29511.03,23032.02,C485451134,237713.25,244192.26,0,0
716,CASH_OUT,8245.89,C788820539,43228.48,34982.59,C181063000,65698.09,73943.98,0,0
418,CASH_OUT,35541.37,C455844293,80426.63,44885.26,C518705858,251315.11,286856.48,0,0
575,PAYMENT,6396.29,C865007974,23251.63,16855.34,M365635280,0.0,0.0,0,0
105,PAYMENT,5379.95,C956731444,46521.55,41141.6,M143045759,0.0,0.0,0,0
636,PAYMENT,3557.85,C274524839,16506.99,12949.14,M172797611,0.0,0.0,0,0
612,PAYMENT,2883.78,C643315072,14640.22,11756.44,M864367055,0.0,0.0,0,0
469,PAYMENT,238.46,C483818434,6888.91,6650.45,M711696872,0.0,0.0,0,0
315,PAYMENT,4967.18,C742926165,31581.1,26613.92,M828905400,0.0,0.0,0,0
18,DEBIT,3119.2,C668915548,8205.8,5086.6,C255364945,16158.72,19277.92,0,0
269,CASH_OUT,9623.52,C243383352,24265.83,14642.31,C487581844,208845.15,218468.67,0,0
183,CASH_OUT,58224.15,C904503234,77562.3,19338.15,C805788363,163127.05,221351.2,0,0
552,PAYMENT,141.8,C719115245,5009.82,4868.02,M177653125,0.0,0.0,0,0
447,CASH_IN,23155.9,C749544418,117548.8,140704.7,C495516379,299895.67,276739.77,0,0
532,CASH_IN,9591.75,C689522808,99474.99,109066.74,C827324037,240098.97,230507.22,0,0
223,DEBIT,3619.69,C813156496,5222.03,1602.34,C936538668,10925.52,14545.21,0,0
201,CASH_OUT,43745.07,C343549741,134872.22,91127.15,C685252499,133249.11,176994.18,0,0
523,CASH_IN,8675.06,C222540828,177071.86,185746.92,C209824818,9134.47,459.41,0,0
508,CASH_IN,118252.12,C937041470,149655.36,267907.48,C815046915,439098.77,320846.65,0,0
413,CASH_IN,6733.37,C442195462,193277.17,200010.54,C675793269,228067.86,221334.49,0,0
296,CASH_OUT,21113.61,C920981206,72564.34,51450.73,C803578509,79178.32,100291.93,0,0
598,CASH_OUT,1737.41,C980487748,23522.17,21784.76,C602951170,262386.51,264123.92,0,0
482,PAYMENT,316.3,C418627320,2044.17,1727.87,M624938583,0.0,0.0,0,0
716,CASH_IN,15783.56,C421998653,82523.1,98306.66,C612676726,358030.37,342246.81,0,0
87,CASH_IN,26648.67,C795197494,196776.64,223425.31,C203071651,498241.87,471593.2,0,0
198,CASH_IN,2940.46,C154810886,49231.49,52171.95,C828181986,377685.2,374744.74,0,0
689,CASH_OUT,23764.87,C770077588,33034.01,9269.14,C978900540,137324.91,161089.78,0,0
674,PAYMENT,3498.86,C419487653,3307.2,0.0,M533415651,0.0,0.0,0,0
522,PAYMENT,5039.13,C396471903,37275.15,32236.02,M433924832,0.0,0.0,0,0
303,PAYMENT,1023.35,C533284391,1848.8,825.45,M675221381,0.0,0.0,0,0
744,CASH_OUT,18004.26,C818662220,44463.3,26459.04,C516770652,79889.49,97893.75,0,0
401,CASH_OUT,3092.56,C706670799,14636.93,11544.37,C870244412,52641.62,55734.18,0,0
99,CASH_IN,9327.67,C969088986,47541.05,56868.72,C328187939,400277.6,390949.93,0,0
565,PAYMENT,2763.18,C755481743,8562.38,5799.2,M390807297,0.0,0.0,0,0
355,PAYMENT,2494.76,C922890101,5839.42,3344.66,M908630516,0.0,0.0,0,0
324,TRANSFER,4185.52,C620402022,19135.43,14949.91,C670758903,193524.32,197709.84,0,0
633,PAYMENT,8437.47,C175572930,86744.21,78306.74,M772298073,0.0,0.0,0,0
524,PAYMENT,852.66,C176483911,8150.68,7298.02,M975487022,0.0,0.0,0,0
655,CASH_OUT,24671.41,C765876235,56888.76,32217.35,C209234660,204044.28,228715.69,0,0
275,CASH_OUT,33017.58,C118914604,110807.19,77789.61,C712691437,203755.6,236773.18,0,0
353,PAYMENT,652.14,C271443389,6492.78,5840.64,M250282512,0.0,0.0,0,0
483,TRANSFER,6083.05,C961049415,78399.99,72316.94,C687545577,139246.34,145329.39,0,0
110,PAYMENT,401.89,C518103871,8290.63,7888.74,M222255090,0.0,0.0,0,0
221,TRANSFER,1285.62,C814407455,25961.94,24676.32,C387343131,164104.33,165389.95,0,0
287,PAYMENT,2185.88,C342804123,15842.1,13656.22,M883066894,0.0,0.0,0,0
655,CASH_IN,40283.59,C921614436,194933.5,235217.09,C841857887,470259.72,429976.13,0,0
164,TRANSFER,118792.64,C255169872,430221.11,311428.47,C259348020,166066.68,284859.32,0,0
416,CASH_OUT,35175.67,C774169344,57627.94,22452.27,C379958645,87895.24,123070.91,0,0
349,CASH_OUT,1252.98,C992272637,22056.72,20803.74,C152694060,143397.73,144650.71,0,0
228,PAYMENT,1623.67,C632139063,9334.97,7711.3,M873582750,0.0,0.0,0,0
371,TRANSFER,107059.2,C719044141,330340.32,223281.12,C145666683,35925.41,142984.61,0,0
39,PAYMENT,80.99,C608412599,1377.99,1297.0,M683163329,0.0,0.0,0,0
189,CASH_OUT,823.73,C758717394,1360.19,536.46,C859192113,105542.25,106365.98,0,0
20,CASH_IN,19649.59,C510704185,156505.59,176155.18,C485593692,175296.89,155647.3,0,0
375,CASH_OUT,22337.27,C155625419,26075.55,3738.28,C822057853,210665.0,233002.27,0,0
325,CASH_OUT,74365.38,C693721420,202181.8,127816.42,C642115631,295961.72,370327.1,0,0
185,CASH_IN,85198.57,C369826188,108906.23,194104.8,C190191728,96684.07,11485.5,0,0
86,DEBIT,7832.31,C922883931,9281.61,1449.3,C437740089,35666.61,43498.92,0,0
227,CASH_IN,32657.92,C223504047,120406.55,153064.47,C976167010,279710.9,247052.98,0,0
30,PAYMENT,2977.51,C542109472,30360.65,27383.14,M128998232,0.0,0.0,0,0
391,PAYMENT,235.77,C115291802,1295.23,1059.46,M463614869,0.0,0.0,0,0
176,PAYMENT,195.04,C754059618,5173.5,4978.46,M743263927,0.0,0.0,0,0
425,PAYMENT,817.98,C760848397,9672.3,8854.32,M834243855,0.0,0.0,0,0
140,CASH_IN,4977.82,C841602655,195535.7,200513.52,C199675217,400522.72,395544.9,0,0
43,PAYMENT,3733.36,C165942756,34423.19,30689.83,M608975356,0.0,0.0,0,0
596,TRANSFER,60455.49,C226922133,280997.14,220541.65,C574465155,76269.75,136725.24,0,0
580,CASH_OUT,24396.44,C971180828,34329.59,9933.15,C247879401,240557.68,264954.12,0,0
93,TRANSFER,70968.85,C813680265,132666.3,61697.45,C778030912,36654.91,107623.76,0,0
113,CASH_OUT,30236.11,C170908827,87414.86,57178.75,C486441343,213319.23,243555.34,0,0
742,PAYMENT,2565.97,C886454293,10942.92,8376.95,M370229471,0.0,0.0,0,0
658,TRANSFER,16056.29,C486562358,36979.72,20923.43,C663253127,118515.73,134572.02,0,0
513,CASH_OUT,23818.9,C498173787,55046.54,31227.64,C931826607,264286.2,288105.1,0,0
178,TRANSFER,650685.07,C499448818,792778.68,0.0,C256785194,0.0,0.0,1,1
591,CASH_OUT,71018.59,C842634103,203048.81,132030.22,C142093367,239587.1,310605.69,0,0
575,TRANSFER,5441.99,C346633852,37629.98,32187.99,C441719696,140930.86,146372.85,0,0
264,PAYMENT,778.65,C768535718,2766.09,1987.44,M482189786,0.0,0.0,0,0
319,PAYMENT,1054.41,C335360090,14505.49,13451.08,M340791452,0.0,0.0,0,0
109,CASH_OUT,1102.6,C846898005,13009.99,11907.39,C236732752,232854.3,233956.9,0,0
287,CASH_OUT,69678.62,C504516250,139886.57,70207.95,C221475051,173328.41,243007.03,0,0
145,PAYMENT,4689.77,C182964186,4039.22,0.0,M765438230,0.0,0.0,0,0
112,CASH_IN,40876.9,C283662784,53070.62,93947.52,C921330348,293585.51,252708.61,0,0
524,PAYMENT,1192.36,C498012758,6470.37,5278.01,M107805699,0.0,0.0,0,0
15,CASH_IN,9206.25,C156720430,105916.66,115122.91,C547594973,207459.76,198253.51,0,0
443,PAYMENT,1235.01,C513760578,3361.24,2126.23,M862869218,0.0,0.0,0,0
118,CASH_IN,48354.36,C445918923,186207.66,234562.02,C430771237,221347.07,172992.71,0,0
552,CASH_OUT,4430.34,C800833043,21707.03,17276.69,C316433529,280039.19,284469.53,0,0
281,PAYMENT,716.23,C882257813,11763.3,11047.07,M807454497,0.0,0.0,0,0
259,CASH_OUT,6374.06,C360743536,16461.37,10087.31,C706529509,90602.75,96976.81,0,0
706,CASH_OUT,2659.74,C469643741,3982.46,1322.72,C553482380,199562.0,202221.74,0,0
439,CASH_IN,45346.89,C914337746,190339.78,235686.67,C506229295,188980.37,143633.48,0,0
512,PAYMENT,5295.25,C711138361,30596.83,25301.58,M739979576,0.0,0.0,0,0
665,TRANSFER,4312628.66,C476190809,4900634.31,588005.65,C686393682,0.0,4312628.66,1,1
449,DEBIT,6916.85,C802211936,18157.33,11240.48,C362362386,11607.99,18524.84,0,0
616,CASH_OUT,45173.46,C786480368,98285.25,53111.79,C534973723,206113.46,251286.92,0,0
732,CASH_OUT,7458.63,C419639244,7984.86,526.23,C262558823,200427.33,207885.96,0,0
263,CASH_IN,47716.23,C434395729,139712.41,187428.64,C450273719,183242.58,135526.35,0,0
47,DEBIT,31536.64,C824297003,59406.84,27870.2,C220382318,4634.26,36170.9,0,0
331,CASH_IN,3029.22,C148820216,155925.33,158954.55,C367810745,73934.45,70905.23,0,0
740,TRANSFER,32875.16,C794341949,186093.29,153218.13,C536889704,175542.39,208417.55,0,0
264,PAYMENT,1774.98,C781238988,22281.2,20506.22,M228925949,0.0,0.0,0,0
562,CASH_IN,19037.61,C651869344,184575.61,203613.22,C107758300,316954.1,297916.49,0,0
170,CASH_OUT,15399.23,C465728465,38994.94,23595.71,C890618770,297710.14,313109.37,0,0
490,PAYMENT,1182.48,C519040846,8457.42,7274.94,M535095663,0.0,0.0,0,0
524,PAYMENT,5483.19,C946484498,50858.31,45375.12,M660677473,0.0,0.0,0,0
641,CASH_OUT,1488.63,C231722218,17038.36,15549.73,C448087009,288067.15,289555.78,0,0
428,CASH_IN,5407.03,C311738532,132623.92,138030.95,C802657777,198103.14,192696.11,0,0
288,PAYMENT,1721.48,C153186243,13508.84,11787.36,M513670650,0.0,0.0,0,0
325,CASH_OUT,9998.8,C685989264,21107.48,11108.68,C833084825,237439.24,247438.04,0,0
264,CASH_OUT,47843.88,C587309030,114767.93,66924.05,C428852649,264018.72,311862.6,0,0
712,PAYMENT,154.69,C995731888,5132.63,4977.94,M687310784,0.0,0.0,0,0
534,CASH_IN,473.14,C538780684,106177.98,106651.12,C453361723,219562.37,219089.23,0,0
564,CASH_OUT,56324.59,C365187710,113773.27,57448.68,C302147444,43437.51,99762.1,0,0
302,TRANSFER,24948.72,C866048962,167734.25,142785.53,C196419521,30797.73,55746.45,0,0
538,PAYMENT,2249.17,C604856381,17111.81,14862.64,M686179545,0.0,0.0,0,0
431,CASH_IN,2862.9,C757296737,42284.19,45147.09,C443007632,88688.16,85825.26,0,0
253,PAYMENT,509.01,C212207926,6650.18,6141.17,M585185842,0.0,0.0,0,0
111,PAYMENT,332.64,C163282016,1951.76,1619.12,M239500635,0.0,0.0,0,0
708,PAYMENT,1309.93,C615462149,1616.03,306.1,M812955399,0.0,0.0,0,0
666,CASH_IN,24837.45,C814755681,195833.8,220671.25,C106442327,299180.43,274342.98,0,0
599,CASH_OUT,22716.46,C851714416,87583.98,64867.52,C435091380,151576.74,174293.2,0,0
99,PAYMENT,10619.18,C417361199,102950.92,92331.74,M516639578,0.0,0.0,0,0
697,TRANSFER,63823.55,C253424262,226330.33,162506.78,C180380798,61534.63,125358.18,0,0
336,CASH_OUT,1871.25,C583417984,24046.17,22174.92,C527616315,258040.24,259911.49,0,0
672,CASH_OUT,649865.66,C311241742,649865.66,0.0,C194902133,0.0,649865.66,1,0
733,PAYMENT,5884.32,C980382130,42611.6,36727.28,M649062316,0.0,0.0,0,0
330,PAYMENT,1870.92,C530487085,21599.87,19728.95,M574418150,0.0,0.0,0,0
569,CASH_IN,86624.0,C122834412,66275.7,152899.7,C702661262,260062.52,173438.52,0,0
436,CASH_OUT,24503.0,C412474663,61208.51,36705.51,C456051109,174198.06,198701.06,0,0
130,PAYMENT,3131.74,C677397132,2745.53,0.0,M452205991,0.0,0.0,0,0
320,CASH_IN,25699.5,C963905791,195712.08,221411.58,C499500286,47808.25,22108.75,0,0
7,PAYMENT,257.94,C667859092,1032.49,774.55,M642917700,0.0,0.0,0,0
655,CASH_IN,16863.89,C892881002,89163.77,106027.66,C863100550,490655.35,473791.46,0,0
263,CASH_OUT,10748.97,C121207114,37059.83,26310.86,C674945346,284578.77,295327.74,0,0
267,PAYMENT,4244.55,C733191221,17712.45,13467.9,M952342720,0.0,0.0,0,0
584,TRANSFER,133959.65,C691177729,513790.31,379830.66,C803033117,26118.64,160078.29,0,0
641,PAYMENT,437.14,C326586581,1809.46,1372.32,M187174381,0.0,0.0,0,0
469,CASH_OUT,92045.22,C189145218,188630.75,96585.53,C813114872,244602.5,336647.72,0,0
73,TRANSFER,83753.09,C909870047,451432.94,367679.85,C466550963,12989.47,96742.56,0,0
134,CASH_IN,1947.36,C238055917,95447.15,97394.51,C950466826,375870.38,373923.02,0,0
354,DEBIT,15086.26,C362235929,60584.32,45498.06,C809930293,44255.93,59342.19,0,0
58,CASH_IN,47518.62,C995512708,27705.86,75224.48,C341226679,185100.19,137581.57,0,0
522,PAYMENT,1556.85,C921101980,18498.03,16941.18,M441500421,0.0,0.0,0,0
540,CASH_OUT,18437.87,C958423532,57977.66,39539.79,C165896801,156158.02,174595.89,0,0
615,CASH_OUT,34461.59,C765254520,85942.28,51480.69,C202725681,34805.06,69266.65,0,0
121,CASH_IN,608.13,C396660396,183226.09,183834.22,C732185113,44446.13,43838.0,0,0
514,CASH_OUT,72274.69,C932120169,193356.26,121081.57,C606382505,28061.57,100336.26,0,0
440,CASH_OUT,78226.82,C589778492,148170.56,69943.74,C989349744,65377.66,143604.48,0,0
480,CASH_OUT,136827.52,C568126536,390674.16,253846.64,C604631362,175429.71,312257.23,0,0
475,PAYMENT,3261.46,C116024293,27764.75,24503.29,M494181455,0.0,0.0,0,0
253,CASH_IN,9171.64,C347095735,166307.76,175479.4,C638351832,184835.26,175663.62,0,0
509,TRANSFER,16277.93,C395851519,109153.14,92875.21,C594272610,199783.56,216061.49,0,0
393,PAYMENT,5403.02,C296274282,56675.29,51272.27,M284133733,0.0,0.0,0,0
676,PAYMENT,351.38,C810514538,5473.78,5122.4,M797321225,0.0,0.0,0,0
140,TRANSFER,24055.22,C722052543,120275.9,96220.68,C124132145,32830.28,56885.5,0,0
94,PAYMENT,1341.96,C909720010,9961.45,8619.49,M770408378,0.0,0.0,0,0
637,PAYMENT,1276.16,C878078656,5458.92,4182.76,M828405828,0.0,0.0,0,0
500,CASH_OUT,3618.8,C629412321,18475.79,14856.99,C504338437,207874.59,211493.39,0,0
720,CASH_OUT,34945.84,C606284562,78887.6,43941.76,C457187858,115552.89,150498.73,0,0
168,PAYMENT,33.4,C418553951,2808.29,2774.89,M500921342,0.0,0.0,0,0
167,CASH_OUT,55329.39,C962081960,59054.69,3725.3,C226568056,157141.7,212471.09,0,0
405,PAYMENT,1413.29,C135673750,14306.84,12893.55,M618028989,0.0,0.0,0,0
503,PAYMENT,8468.99,C335793702,25963.25,17494.26,M795498707,0.0,0.0,0,0
684,CASH_OUT,78606.85,C862489444,173221.74,94614.89,C903017927,264468.4,343075.25,0,0
175,CASH_OUT,35874.89,C470625031,77079.66,41204.77,C367213315,68424.53,104299.42,0,0
26,PAYMENT,2023.04,C181579483,16140.36,14117.32,M251460216,0.0,0.0,0,0
130,CASH_IN,71108.58,C944651846,186037.15,257145.73,C917064322,135005.32,63896.74,0,0
551,CASH_OUT,42309.64,C216452536,83297.58,40987.94,C228167748,34014.94,76324.58,0,0
156,CASH_IN,844.81,C952686585,9369.15,10213.96,C651694148,306397.78,305552.97,0,0
28,PAYMENT,865.23,C306015707,4855.76,3990.53,M479071183,0.0,0.0,0,0
222,PAYMENT,3599.86,C581410074,38526.64,34926.78,M411211106,0.0,0.0,0,0
276,TRANSFER,14507.52,C885384402,94846.54,80339.02,C368777859,140818.74,155326.26,0,0
14,PAYMENT,1623.65,C789234193,19389.56,17765.91,M601940520,0.0,0.0,0,0
604,CASH_IN,16551.72,C521486420,10064.5,26616.22,C860191592,300213.77,283662.05,0,0
395,CASH_OUT,43766.0,C570879520,65483.66,21717.66,C890105570,67769.8,111535.8,0,0
185,PAYMENT,1243.28,C718650239,12702.07,11458.79,M474283317,0.0,0.0,0,0
19,PAYMENT,3353.8,C972786929,34892.07,31538.27,M925020241,0.0,0.0,0,0
666,CASH_OUT,31141.24,C107296194,106655.21,75513.97,C794459163,11062.49,42203.73,0,0
499,PAYMENT,448.75,C653775151,1304.93,856.18,M709206621,0.0,0.0,0,0
710,CASH_IN,41174.21,C305491818,133949.03,175123.24,C988450736,270587.37,229413.16,0,0
418,PAYMENT,360.12,C363556159,4422.37,4062.25,M963926275,0.0,0.0,0,0
510,CASH_IN,23753.76,C356125619,3756.08,27509.84,C440994734,84401.37,60647.61,0,0
44,PAYMENT,986.3,C454405623,10869.33,9883.03,M289646917,0.0,0.0,0,0
242,CASH_OUT,35718.35,C768304483,65146.71,29428.36,C671467653,13161.1,48879.45,0,0
310,CASH_IN,620.26,C973465565,31182.44,31802.7,C359523850,335123.17,334502.91,0,0
555,PAYMENT,349.65,C389258503,2094.82,1745.17,M434472105,0.0,0.0,0,0
482,CASH_OUT,127952.05,C830121937,161986.97,34034.92,C132570192,113966.05,241918.1,0,0
148,PAYMENT,208.91,C546619864,5749.09,5540.18,M834098187,0.0,0.0,0,0
270,CASH_OUT,888.14,C306963141,16894.39,16006.25,C173420895,294669.96,295558.1,0,0
28,CASH_IN,8463.5,C697436300,25148.73,33612.23,C917671398,157022.95,148559.45,0,0
112,PAYMENT,1144.67,C829461223,2177.99,1033.32,M203004207,0.0,0.0,0,0
656,CASH_OUT,12787.12,C811870660,41935.44,29148.32,C825122781,238909.97,251697.09,0,0
567,CASH_OUT,9846.45,C885796245,17649.03,7802.58,C351791727,139268.97,149115.42,0,0
599,CASH_OUT,2273.85,C705310783,7774.27,5500.42,C252695904,159932.03,162205.88,0,0
475,TRANSFER,27458.68,C803056753,45770.99,18312.31,C819486289,72079.77,99538.45,0,0
101,PAYMENT,3631.24,C243866809,21475.16,17843.92,M499556522,0.0,0.0,0,0
709,CASH_IN,15249.87,C713057409,113847.49,129097.36,C991222241,113447.65,98197.78,0,0
161,CASH_OUT,4416.61,C839806591,15886.43,11469.82,C764460079,252986.0,257402.61,0,0
346,CASH_OUT,86699.42,C789636942,212114.45,125415.03,C186446780,31234.32,117933.74,0,0
84,PAYMENT,2227.32,C691610698,19100.79,16873.47,M228502496,0.0,0.0,0,0
662,PAYMENT,2826.87,C585012522,22426.87,19600.0,M976520741,0.0,0.0,0,0
250,CASH_OUT,31132.3,C894915403,88398.99,57266.69,C813763842,241063.01,272195.31,0,0
682,PAYMENT,1733.91,C537430595,11419.24,9685.33,M757969172,0.0,0.0,0,0
505,CASH_OUT,28954.21,C979836796,94576.78,65622.57,C940095800,95060.81,124015.02,0,0
178,PAYMENT,3114.27,C765985223,9208.34,6094.07,M150013942,0.0,0.0,0,0
579,CASH_OUT,5028.01,C558375362,6804.5,1776.49,C551043801,253059.28,258087.29,0,0
472,PAYMENT,36.9,C976187128,5070.46,5033.56,M586432225,0.0,0.0,0,0
528,CASH_IN,27228.6,C146908100,135181.05,162409.65,C206920076,311096.49,283867.89,0,0
230,CASH_IN,36213.33,C972804512,108632.12,144845.45,C543934771,341662.54,305449.21,0,0
642,CASH_IN,30536.89,C548700128,47693.82,78230.71,C393534608,96945.25,66408.36,0,0
117,CASH_OUT,9117.13,C330972214,25425.15,16308.02,C126436690,116465.34,125582.47,0,0
108,PAYMENT,1044.77,C939567390,551.84,0.0,M897465928,0.0,0.0,0,0
162,PAYMENT,7888.49,C275483574,75121.62,67233.13,M144951590,0.0,0.0,0,0
154,CASH_OUT,5920.07,C450932787,27368.71,21448.64,C337079167,299236.52,305156.59,0,0
473,CASH_OUT,21979.75,C640351926,64203.02,42223.27,C659718206,86340.36,108320.11,0,0
158,DEBIT,184.43,C316722694,3245.77,3061.34,C851227900,31833.97,32018.4,0,0
716,CASH_OUT,4907.3,C210604786,23171.38,18264.08,C846969141,211324.22,216231.52,0,0
472,CASH_IN,1878.97,C875503205,160808.63,162687.6,C647406254,135327.78,133448.81,0,0
102,CASH_OUT,117985.62,C944165664,290763.63,172778.01,C818815992,95747.09,213732.71,0,0
688,TRANSFER,394314.3,C503773227,975676.23,0.0,C833254317,0.0,0.0,1,1
542,CASH_OUT,17157.04,C240021752,60058.37,42901.33,C352221507,143934.3,161091.34,0,0
399,PAYMENT,2547.41,C856554176,9628.59,7081.18,M199608628,0.0,0.0,0,0
504,CASH_OUT,5834.2,C543337958,32335.79,26501.59,C727625116,249544.52,255378.72,0,0
326,PAYMENT,1841.47,C154137470,1172.0,0.0,M324961138,0.0,0.0,0,0
169,PAYMENT,1538.85,C918768498,7285.6,5746.75,M649225808,0.0,0.0,0,0
660,PAYMENT,1790.96,C434508466,10574.64,8783.68,M880213880,0.0,0.0,0,0
242,CASH_OUT,31225.32,C309145149,44736.61,13511.29,C182442287,96096.07,127321.39,0,0
676,PAYMENT,371.89,C152936042,5298.11,4926.22,M758952253,0.0,0.0,0,0
258,TRANSFER,117171.04,C316605777,328375.07,211204.03,C800765977,75234.54,192405.58,0,0
170,TRANSFER,18550.51,C242036285,140976.08,122425.57,C350392334,169728.35,188278.86,0,0
140,CASH_IN,6870.59,C600987031,67081.84,73952.43,C927853101,454702.24,447831.65,0,0
127,CASH_OUT,12530.38,C426694398,33316.97,20786.59,C560489880,175247.45,187777.83,0,0
562,PAYMENT,900.06,C411578736,10766.57,9866.51,M101529062,0.0,0.0,0,0
634,TRANSFER,29108.1,C348478648,94120.29,65012.19,C919670960,30882.5,59990.6,0,0
722,PAYMENT,1126.47,C272626461,4647.43,3520.96,M400875394,0.0,0.0,0,0
321,CASH_OUT,5119.63,C749411982,27867.71,22748.08,C336607182,120937.01,126056.64,0,0
717,PAYMENT,249.07,C910924352,825.67,576.6,M803821904,0.0,0.0,0,0
699,PAYMENT,250.11,C378390635,1457.0,1206.89,M813138088,0.0,0.0,0,0
220,PAYMENT,1986.26,C291070689,4306.98,2320.72,M181690110,0.0,0.0,0,0
148,TRANSFER,200479.13,C568072437,563344.97,362865.84,C514761527,38702.87,239182.0,0,0
730,CASH_IN,60313.21,C288674719,11874.24,72187.45,C206151054,365990.24,305677.03,0,0
742,PAYMENT,1469.92,C884838393,11105.33,9635.41,M449887616,0.0,0.0,0,0
500,CASH_OUT,3651.9,C928937053,27029.81,23377.91,C812157199,231348.1,235000.0,0,0
163,CASH_IN,59036.66,C529956225,100380.64,159417.3,C631962699,95794.77,36758.11,0,0
379,PAYMENT,678.28,C599298284,8214.08,7535.8,M271289913,0.0,0.0,0,0
94,PAYMENT,643.26,C301059138,5317.02,4673.76,M308966538,0.0,0.0,0,0
640,CASH_OUT,10152.38,C739311334,23568.02,13415.64,C432281987,170089.02,180241.4,0,0
301,CASH_IN,412.45,C739175604,167944.11,168356.56,C384976573,87518.06,87105.61,0,0
15,CASH_OUT,21318.33,C638468844,63457.14,42138.81,C495801021,121955.34,143273.67,0,0
61,CASH_OUT,61026.72,C395956614,101678.37,40651.65,C369599020,109194.8,170221.52,0,0
353,PAYMENT,202.09,C138735283,3056.46,2854.37,M751157855,0.0,0.0,0,0
571,TRANSFER,4513.72,C364503098,54905.44,50391.72,C884785779,68431.74,72945.46,0,0
558,CASH_IN,4673.18,C261223708,115135.63,119808.81,C148020613,205727.45,201054.27,0,0
638,PAYMENT,4083.19,C466745768,26461.74,22378.55,M770421650,0.0,0.0,0,0
737,CASH_IN,59093.45,C404298203,124571.11,183664.56,C138162000,351763.89,292670.44,0,0
415,TRANSFER,14074.62,C730110758,119671.61,105596.99,C958598748,185443.45,199518.07,0,0
579,PAYMENT,6642.24,C897423539,38649.03,32006.79,M560091499,0.0,0.0,0,0
196,PAYMENT,1399.87,C332728277,1722.73,322.86,M244040499,0.0,0.0,0,0
732,CASH_IN,3839.22,C550619885,41677.35,45516.57,C654351399,388393.08,384553.86,0,0
533,TRANSFER,35658.2,C231895986,103417.42,67759.22,C881565716,160059.98,195718.18,0,0
58,CASH_OUT,121500.58,C493947814,231351.97,109851.39,C495753745,291216.61,412717.19,0,0
358,CASH_OUT,96686.32,C412952759,222113.69,125427.37,C759868953,46863.84,143550.16,0,0
478,CASH_OUT,1574.94,C972474559,7691.9,6116.96,C409173084,180113.52,181688.46,0,0
362,DEBIT,5120.89,C760191749,25194.88,20073.99,C394801573,4753.19,9874.08,0,0
355,TRANSFER,13057.49,C821146470,87765.38,74707.89,C925538266,20225.57,33283.06,0,0
573,CASH_OUT,22144.99,C660516061,54895.5,32750.51,C141091523,144592.5,166737.49,0,0
83,CASH_IN,27934.54,C742275860,189917.2,217851.74,C555401697,42251.85,14317.31,0,0
650,CASH_OUT,55043.0,C763048160,154921.32,99878.32,C443411814,204601.93,259644.93,0,0
322,CASH_OUT,780.17,C704792385,3511.74,2731.57,C418352768,174883.91,175664.08,0,0
472,CASH_OUT,98270.65,C869658333,945388.86,0.0,C286056989,0.0,0.0,1,0
311,CASH_IN,8484.4,C426457622,118528.11,127012.51,C175019864,385367.81,376883.41,0,0
443,CASH_OUT,53095.14,C385110646,104332.13,51236.99,C284448265,45526.72,98621.86,0,0
190,CASH_OUT,393041.55,C673156260,1088978.07,695936.52,C347889783,197840.07,590881.62,0,0
458,PAYMENT,231.48,C414720863,869.11,637.63,M838755578,0.0,0.0,0,0
446,CASH_OUT,15617.41,C252497944,35595.24,19977.83,C745880455,178487.1,194104.51,0,0
715,CASH_OUT,36289.79,C543331574,124984.97,88695.18,C369517590,130410.46,166700.25,0,0
210,CASH_OUT,23907.33,C866011237,47741.2,23833.87,C991614133,13003.31,36910.64,0,0
181,TRANSFER,12910.64,C271671654,26096.0,13185.36,C946484158,72758.44,85669.08,0,0
530,PAYMENT,7842.57,C807838396,64851.92,57009.35,M530172853,0.0,0.0,0,0
351,PAYMENT,940.74,C788011512,12741.42,11800.68,M567926307,0.0,0.0,0,0
524,PAYMENT,888.79,C477324303,12867.24,11978.45,M762665144,0.0,0.0,0,0
657,PAYMENT,2081.22,C827070406,16159.19,14077.97,M669628927,0.0,0.0,0,0
135,CASH_OUT,90884.19,C195254447,216490.45,125606.26,C915928032,22802.4,113686.59,0,0
65,PAYMENT,6343.29,C454240362,51553.77,45210.48,M959073954,0.0,0.0,0,0
187,PAYMENT,624.26,C140220375,8485.3,7861.04,M288212158,0.0,0.0,0,0
359,PAYMENT,1162.14,C507010926,4434.46,3272.32,M338121922,0.0,0.0,0,0
423,CASH_IN,2161.64,C247630403,31054.9,33216.54,C348499712,113266.24,111104.6,0,0
124,TRANSFER,52992.76,C706174872,173183.18,120190.42,C387273585,187953.6,240946.36,0,0
663,PAYMENT,498.09,C447109525,339.3,0.0,M367359701,0.0,0.0,0,0
559,TRANSFER,11938.52,C331367183,74978.53,63040.01,C645166183,42854.43,54792.95,0,0
266,CASH_OUT,33552.73,C703240597,59542.21,25989.48,C171905074,58494.0,92046.73,0,0
270,PAYMENT,2468.48,C983232466,2483.77,15.29,M194419103,0.0,0.0,0,0
413,CASH_IN,367.52,C730305635,78328.18,78695.7,C515487501,41376.51,41008.99,0,0
78,PAYMENT,227.24,C929574436,3854.44,3627.2,M290944274,0.0,0.0,0,0
100,PAYMENT,2433.73,C795582182,22507.55,20073.82,M782451546,0.0,0.0,0,0
487,CASH_OUT,48151.5,C840756629,105424.3,57272.8,C539395589,254437.83,302589.33,0,0
24,PAYMENT,1029.7,C436330693,3265.06,2235.36,M718533222,0.0,0.0,0,0
417,PAYMENT,1929.64,C341801378,19938.8,18009.16,M212923826,0.0,0.0,0,0
687,TRANSFER,21886.97,C751713283,143367.72,121480.75,C136161912,51315.17,73202.14,0,0
438,DEBIT,1155.39,C587451880,4174.7,3019.31,C835142231,9055.83,10211.22,0,0
727,PAYMENT,2074.58,C448183698,11855.48,9780.9,M357464629,0.0,0.0,0,0
181,TRANSFER,29635.25,C410252570,69870.91,40235.66,C382535599,147543.89,177179.14,0,0
406,CASH_OUT,4969.45,C546639251,23223.09,18253.64,C654448735,273610.02,278579.47,0,0
574,PAYMENT,119.97,C358409576,799.98,680.01,M331979299,0.0,0.0,0,0
123,PAYMENT,1773.35,C363209376,21049.4,19276.05,M822632110,0.0,0.0,0,0
60,CASH_OUT,27232.24,C192038941,33919.92,6687.68,C653571622,125610.79,152843.03,0,0
467,CASH_IN,2341.78,C142299511,152209.47,154551.25,C828923905,343278.44,340936.66,0,0
665,CASH_IN,23857.28,C261364416,117230.81,141088.09,C662130166,343448.14,319590.86,0,0
523,TRANSFER,46877.3,C757733326,260113.91,213236.61,C814596039,128933.21,175810.51,0,0
8,PAYMENT,556.51,C549316008,7459.79,6903.28,M403875093,0.0,0.0,0,0
586,PAYMENT,4313.73,C471920596,12300.99,7987.26,M842512168,0.0,0.0,0,0
537,PAYMENT,2416.25,C770578827,26911.47,24495.22,M832063351,0.0,0.0,0,0
715,CASH_OUT,55485.29,C661741674,177625.74,122140.45,C387913324,251798.75,307284.04,0,0
692,CASH_OUT,25032.18,C718751457,90787.92,65755.74,C948238398,210487.97,235520.15,0,0
654,CASH_IN,27268.19,C171096250,173733.31,201001.5,C610704245,460051.59,432783.4,0,0
549,PAYMENT,1883.83,C307186126,21486.92,19603.09,M819928400,0.0,0.0,0,0
87,PAYMENT,1508.66,C478228800,4075.96,2567.3,M959002676,0.0,0.0,0,0
673,CASH_OUT,71433.36,C773864649,96262.51,24829.15,C654757762,230116.61,301549.97,0,0
674,CASH_OUT,8658.17,C320309875,26019.93,17361.76,C380793846,119281.1,127939.27,0,0
163,CASH_OUT,48639.74,C550966200,106746.49,58106.75,C733331568,116485.14,165124.88,0,0
245,CASH_IN,5035.53,C221245806,120921.63,125957.16,C245996310,187300.83,182265.3,0,0
266,CASH_OUT,4219.33,C749730370,21966.94,17747.61,C218236398,226176.43,230395.76,0,0
649,CASH_OUT,19557.69,C989417017,27511.18,7953.49,C241774781,91189.1,110746.79,0,0
177,PAYMENT,7791.31,C399417352,24570.79,16779.48,M819434865,0.0,0.0,0,0
209,CASH_OUT,29733.13,C384409072,34327.95,4594.82,C402927813,193941.7,223674.83,0,0
572,TRANSFER,12665.43,C246823724,50505.87,37840.44,C333222846,137557.8,150223.23,0,0
51,PAYMENT,11852.27,C251120215,41315.73,29463.46,M780547411,0.0,0.0,0,0
695,CASH_OUT,24300.1,C777497235,57620.73,33320.63,C606958676,19621.33,43921.43,0,0
346,CASH_IN,26355.97,C545196297,120220.66,146576.63,C970603575,390165.42,363809.45,0,0
375,TRANSFER,36006.82,C797684694,57378.56,21371.74,C274678565,75081.52,111088.34,0,0
472,PAYMENT,5107.06,C398509069,53124.15,48017.09,M398582737,0.0,0.0,0,0
172,PAYMENT,882.88,C132961873,9024.95,8142.07,M790720563,0.0,0.0,0,0
319,CASH_OUT,23207.5,C956661553,35425.02,12217.52,C648955358,198144.44,221351.94,0,0
623,CASH_IN,4645.68,C302891959,155963.06,160608.74,C662242443,361625.09,356979.41,0,0
421,CASH_IN,21224.55,C398712766,188359.03,209583.58,C916379163,24380.31,3155.76,0,0
500,CASH_IN,55697.38,C159095649,78457.45,134154.83,C723758729,296901.07,241203.69,0,0
37,TRANSFER,1775.67,C408475786,55036.11,53260.44,C866028265,113759.2,115534.87,0,0
370,PAYMENT,1910.95,C248813461,16179.29,14268.34,M710905303,0.0,0.0,0,0
439,CASH_OUT,12044.64,C891490807,38002.8,25958.16,C302520246,269798.6,281843.24,0,0
388,CASH_OUT,54960.63,C927977295,119004.86,64044.23,C124428571,259440.55,314401.18,0,0
149,TRANSFER,12928.44,C723265736,99585.8,86657.36,C380811649,11555.75,24484.19,0,0
356,TRANSFER,67113.51,C371793004,286106.57,218993.06,C530519581,122224.99,189338.5,0,0
83,CASH_OUT,34201.26,C782537967,75367.7,41166.44,C723860041,286461.43,320662.69,0,0
679,CASH_OUT,11736.55,C815901822,51160.07,39423.52,C546640584,170483.98,182220.53,0,0
57,CASH_OUT,1224917.82,C446457883,1224917.82,0.0,C832687878,19499.55,1244417.37,1,0
245,CASH_IN,24858.08,C962481584,64260.21,89118.29,C227226450,371643.62,346785.54,0,0
151,CASH_OUT,18535.34,C175149150,43337.35,24802.01,C557364104,273646.27,292181.61,0,0
51,TRANSFER,18392.5,C192805551,43113.21,24720.71,C797066134,89742.38,108134.88,0,0
45,CASH_OUT,75336.8,C384250200,131737.88,56401.08,C692026687,113320.39,188657.19,0,0
566,CASH_OUT,73760.18,C983347190,101271.02,27510.84,C525412267,49474.26,123234.44,0,0
250,DEBIT,4076.93,C491594875,16306.02,12229.09,C807526267,42700.99,46777.92,0,0
234,CASH_IN,35081.56,C248770437,188226.43,223307.99,C804132957,238165.21,203083.65,0,0
338,CASH_IN,20509.14,C141812609,165498.8,186007.94,C328684463,108628.15,88119.01,0,0
217,PAYMENT,37.86,C936208989,2782.35,2744.49,M225239605,0.0,0.0,0,0
131,PAYMENT,1043.16,C820802355,9375.04,8331.88,M154398751,0.0,0.0,0,0
563,TRANSFER,33830.31,C591299871,55444.03,21613.72,C618173070,197023.05,230853.36,0,0
409,PAYMENT,454.65,C195765217,7491.55,7036.9,M323577467,0.0,0.0,0,0
252,CASH_OUT,16611.65,C171937308,21360.95,4749.3,C500628493,178222.14,194833.79,0,0
644,CASH_IN,23073.06,C179483827,78607.89,101680.95,C239892324,31733.62,8660.56,0,0
681,PAYMENT,5508.82,C617155040,18811.08,13302.26,M226861770,0.0,0.0,0,0
577,CASH_OUT,2629.84,C886324813,22075.76,19445.92,C228120559,16549.43,19179.27,0,0
142,TRANSFER,1685.97,C511401812,32096.27,30410.3,C755416497,32048.73,33734.7,0,0
147,PAYMENT,117.1,C921111382,1216.59,1099.49,M611395649,0.0,0.0,0,0
370,CASH_IN,16188.67,C368110320,173848.9,190037.57,C236685785,221171.29,204982.62,0,0
690,CASH_IN,443.95,C235863763,8187.02,8630.97,C888970904,107889.53,107445.58,0,0
130,CASH_IN,91279.16,C426998173,112180.57,203459.73,C313359552,452113.28,360834.12,0,0
107,CASH_IN,39230.18,C299673464,34811.54,74041.72,C307305059,469341.13,430110.95,0,0
23,TRANSFER,60191.05,C180074516,163096.28,102905.23,C956599191,38486.86,98677.91,0,0
556,PAYMENT,2432.55,C114293277,23545.97,21113.42,M635287019,0.0,0.0,0,0
91,CASH_IN,30845.83,C463665546,86825.27,117671.1,C331089214,342823.22,311977.39,0,0
180,PAYMENT,2511.81,C355287220,19272.59,16760.78,M384335095,0.0,0.0,0,0
79,CASH_OUT,7642.8,C260051624,40950.28,33307.48,C335750277,189954.32,197597.12,0,0
107,PAYMENT,599.82,C229295523,5529.28,4929.46,M542821897,0.0,0.0,0,0
182,CASH_OUT,24000.45,C529712941,37941.09,13940.64,C884030110,32612.53,56612.98,0,0
203,CASH_IN,15420.43,C687681212,109147.65,124568.08,C321750099,146828.91,131408.48,0,0
742,CASH_IN,18586.23,C560410189,119128.2,137714.43,C942698021,115067.04,96480.81,0,0
588,TRANSFER,39505.77,C675081757,73023.58,33517.81,C622349214,172792.66,212298.43,0,0
222,TRANSFER,1198.48,C471622013,16185.71,14987.23,C712827993,192874.75,194073.23,0,0
651,DEBIT,449.12,C836858120,1767.44,1318.32,C704345531,30947.35,31396.47,0,0
253,CASH_OUT,2474.15,C806586275,18708.57,16234.42,C718700116,16634.52,19108.67,0,0
364,PAYMENT,2387.91,C233108292,20344.82,17956.91,M168757350,0.0,0.0,0,0
448,CASH_OUT,23649.41,C938907129,52392.7,28743.29,C641129477,94183.52,117832.93,0,0
725,PAYMENT,8015.58,C863243385,6705.56,0.0,M268288183,0.0,0.0,0,0
684,TRANSFER,23069.75,C369129424,39043.1,15973.35,C281288445,39750.74,62820.49,0,0
222,CASH_OUT,23472.36,C329916242,73772.83,50300.47,C734978595,148097.7,171570.06,0,0
664,TRANSFER,32754.8,C500645832,140519.88,107765.08,C111972445,29030.86,61785.66,0,0
260,CASH_OUT,5017.89,C858909130,20021.89,15004.0,C643279931,104168.82,109186.71,0,0
31,PAYMENT,359.47,C455130885,6836.37,6476.9,M663039582,0.0,0.0,0,0
59,CASH_OUT,50887.72,C363425573,135289.07,84401.35,C395262669,207286.4,258174.12,0,0
652,TRANSFER,48612.06,C594583507,228783.97,180171.91,C160177046,80297.6,128909.66,0,0
621,TRANSFER,19123.15,C509235909,90395.76,71272.61,C192764975,10365.09,29488.24,0,0
372,CASH_OUT,37480.13,C754620092,43813.38,6333.25,C222061664,270812.67,308292.8,0,0
485,PAYMENT,1108.94,C100804099,10378.02,9269.08,M623345063,0.0,0.0,0,0
82,PAYMENT,1882.48,C535702042,4229.33,2346.85,M481402055,0.0,0.0,0,0
685,TRANSFER,13125.51,C830287866,35893.8,22768.29,C801810784,112487.24,125612.75,0,0
640,TRANSFER,54508.81,C948103850,150355.14,95846.33,C591641644,169328.98,223837.79,0,0
84,TRANSFER,34893.7,C148814238,164418.22,129524.52,C927878967,154557.01,189450.71,0,0
277,CASH_OUT,4204.22,C306019529,6708.41,2504.19,C840831204,264528.34,268732.56,0,0
129,PAYMENT,3586.69,C755781373,38518.13,34931.44,M882655124,0.0,0.0,0,0
712,TRANSFER,41256.64,C909112403,145306.77,104050.13,C878961646,26923.49,68180.13,0,0
441,CASH_IN,6526.53,C823857970,94495.86,101022.39,C920836027,20837.02,14310.49,0,0
58,CASH_OUT,33367.18,C541799612,59944.22,26577.04,C469209830,13144.39,46511.57,0,0
329,CASH_OUT,29442.23,C984310133,91843.18,62400.95,C124956435,98212.6,127654.83,0,0
506,CASH_IN,100827.74,C238805328,154599.78,255427.52,C999022993,5384.04,0.0,0,0
15,CASH_OUT,81705.89,C839713584,264335.03,182629.14,C911636139,129144.45,210850.34,0,0
242,CASH_IN,54759.18,C388980197,42826.99,97586.17,C192352716,157252.34,102493.16,0,0
623,PAYMENT,4683.69,C221306072,24180.01,19496.32,M166067320,0.0,0.0,0,0
339,TRANSFER,40106.3,C973736418,185655.87,145549.57,C207050734,107453.39,147559.69,0,0
140,CASH_OUT,4465.53,C318903553,19760.1,15294.57,C850960261,290498.81,294964.34,0,0
307,CASH_OUT,10136.64,C399944979,21075.08,10938.44,C196773038,229600.75,239737.39,0,0
167,CASH_IN,17535.78,C997532603,75035.03,92570.81,C329973125,376633.47,359097.69,0,0
725,CASH_IN,2631.15,C901116497,2514.04,5145.19,C688410181,271457.39,268826.24,0,0
646,TRANSFER,17604.99,C284477845,33139.98,15534.99,C340593484,121933.84,139538.83,0,0
296,TRANSFER,30090.03,C920792511,142096.43,112006.4,C587500030,36724.47,66814.5,0,0
156,CASH_IN,19008.23,C910595633,21336.84,40345.07,C626263052,328968.7,309960.47,0,0
50,PAYMENT,75.87,C944408996,389.33,313.46,M569492136,0.0,0.0,0,0
125,CASH_OUT,13733.32,C745528932,40897.17,27163.85,C922085477,281563.17,295296.49,0,0
85,TRANSFER,37868.21,C590205824,216394.56,178526.35,C638914443,9042.94,46911.15,0,0
738,PAYMENT,3618.0,C445101513,23129.89,19511.89,M875975835,0.0,0.0,0,0
41,CASH_OUT,34192.65,C207744792,72875.69,38683.04,C820425868,48736.93,82929.58,0,0
87,TRANSFER,29499.92,C484495643,51020.16,21520.24,C385969383,66852.29,96352.21,0,0
275,CASH_OUT,23021.26,C964410052,40038.82,17017.56,C882595883,75081.62,98102.88,0,0
387,CASH_IN,10714.32,C816562867,21542.42,32256.74,C343173740,27556.15,16841.83,0,0
147,CASH_IN,46849.26,C946213763,130111.46,176960.72,C690180899,449356.56,402507.3,0,0
666,CASH_IN,1080.33,C365364112,175435.36,176515.69,C560660966,185970.28,184889.95,0,0
429,CASH_OUT,11904.08,C549595245,16118.77,4214.69,C554198963,186718.07,198622.15,0,0
330,CASH_OUT,13775.84,C456588058,20722.1,6946.26,C583281972,133843.4,147619.24,0,0
332,CASH_OUT,38265.11,C385371320,55257.42,16992.31,C196019274,292763.09,331028.2,0,0
561,PAYMENT,7051.3,C341168373,24158.61,17107.31,M328172807,0.0,0.0,0,0
93,CASH_OUT,27120.87,C579606781,47494.74,20373.87,C772720631,117195.6,144316.47,0,0
24,TRANSFER,46399.5,C437551834,132436.6,86037.1,C593562100,45876.31,92275.81,0,0
321,PAYMENT,3510.18,C150858483,13178.82,9668.64,M823501064,0.0,0.0,0,0
695,PAYMENT,2154.86,C531653458,4575.37,2420.51,M834534311,0.0,0.0,0,0
311,CASH_OUT,38835.33,C540644093,68203.76,29368.43,C621861674,299888.51,338723.84,0,0
477,PAYMENT,4821.66,C760036251,23981.39,19159.73,M793842768,0.0,0.0,0,0
231,CASH_IN,84055.08,C648773643,47440.59,131495.67,C605426531,336951.42,252896.34,0,0
437,CASH_IN,13643.54,C229234625,28803.88,42447.42,C941373086,408404.76,394761.22,0,0
19,CASH_OUT,19048.63,C588089289,29133.8,10085.17,C799797163,58668.1,77716.73,0,0
116,PAYMENT,75.53,C493146545,3985.95,3910.42,M471749568,0.0,0.0,0,0
282,CASH_OUT,45504.38,C312494084,123361.55,77857.17,C645563939,268557.08,314061.46,0,0
581,PAYMENT,4476.14,C667637708,39749.93,35273.79,M813969409,0.0,0.0,0,0
404,PAYMENT,4506.13,C969787144,15976.38,11470.25,M629338210,0.0,0.0,0,0
205,PAYMENT,5583.53,C807627747,48227.54,42644.01,M237777133,0.0,0.0,0,0
224,CASH_OUT,23884.06,C840905250,74180.84,50296.78,C131437203,102299.92,126183.98,0,0
316,CASH_OUT,160789.47,C978919449,405798.47,245009.0,C277851566,86947.06,247736.53,0,0
530,PAYMENT,4031.62,C266021856,3437.89,0.0,M335377214,0.0,0.0,0,0
75,CASH_OUT,12690.85,C513993152,23179.01,10488.16,C314871004,250703.31,263394.16,0,0
717,CASH_OUT,2982860.83,C578713043,4123721.5,1140860.67,C435480597,0.0,0.0,1,0
378,PAYMENT,1298.26,C733649065,4549.95,3251.69,M211558607,0.0,0.0,0,0
734,TRANSFER,7400.35,C352957304,72937.8,65537.45,C510032253,63202.5,70602.85,0,0
567,PAYMENT,456.87,C121798656,4208.88,3752.01,M182186726,0.0,0.0,0,0
468,PAYMENT,3822.94,C212354198,28445.12,24622.18,M681140837,0.0,0.0,0,0
707,CASH_IN,35708.83,C416887754,26774.98,62483.81,C378908483,488312.38,452603.55,0,0
514,CASH_OUT,8032.65,C500523658,23519.3,15486.65,C357185578,65753.38,73786.03,0,0
69,CASH_IN,71870.12,C849519028,82844.35,154714.47,C333275639,382121.1,310250.98,0,0
663,CASH_IN,121902.56,C596736973,45503.58,167406.14,C285631970,315891.75,193989.19,0,0
517,CASH_OUT,372.3,C874712570,3227.64,2855.34,C879923140,140971.01,141343.31,0,0
657,CASH_IN,4394.67,C994693086,95739.94,100134.61,C319502960,449005.61,444610.94,0,0
639,CASH_IN,806.87,C175194981,196158.83,196965.7,C862322649,250278.78,249471.91,0,0
537,CASH_OUT,55350.26,C392294242,175830.62,120480.36,C451470366,149842.94,205193.2,0,0
91,PAYMENT,794.17,C611947805,9796.19,9002.02,M731639461,0.0,0.0,0,0
597,CASH_OUT,4658.73,C136701688,8792.3,4133.57,C231777106,163561.51,168220.24,0,0
17,CASH_OUT,2343614.37,C118753331,2343614.37,0.0,C263572904,0.0,2343614.37,1,0
695,CASH_IN,43937.12,C673679838,2795.1,46732.22,C114877223,264926.8,220989.68,0,0
99,CASH_IN,13585.29,C195088182,96451.96,110037.25,C866067213,60463.38,46878.09,0,0
369,TRANSFER,29483.95,C951801797,91105.25,61621.3,C881373504,190246.25,219730.2,0,0
582,CASH_OUT,39889.5,C392630498,53046.0,13156.5,C836874542,112543.88,152433.38,0,0
187,CASH_OUT,17256.95,C243182312,21732.06,4475.11,C605790695,161002.39,178259.34,0,0
609,PAYMENT,5066.95,C302089538,41365.85,36298.9,M491185694,0.0,0.0,0,0
723,PAYMENT,60.33,C132927300,5099.99,5039.66,M597533147,0.0,0.0,0,0
102,CASH_OUT,1732418.18,C590208044,1732418.18,0.0,C194019801,0.0,1732418.18,1,0
377,CASH_OUT,11952.45,C212859239,50380.28,38427.83,C678816774,203170.81,215123.26,0,0
55,CASH_IN,3743.66,C595686872,94698.44,98442.1,C480767170,55495.36,51751.7,0,0
649,CASH_OUT,6117.09,C459547918,12006.52,5889.43,C913825022,208739.64,214856.73,0,0
36,PAYMENT,613.14,C735101161,6640.33,6027.19,M375806541,0.0,0.0,0,0
179,CASH_OUT,10485.64,C521252091,15316.9,4831.26,C952679553,62029.95,72515.59,0,0
396,PAYMENT,430.8,C651746667,1410.84,980.04,M936898025,0.0,0.0,0,0
224,CASH_IN,33981.63,C610814642,171821.12,205802.75,C994799865,464241.12,430259.49,0,0
356,CASH_OUT,15297.89,C287969187,54698.44,39400.55,C710712076,286661.79,301959.68,0,0
738,CASH_OUT,36069.17,C468539629,111433.95,75364.78,C945994208,35233.15,71302.32,0,0
94,CASH_OUT,3283.3,C790428991,19771.91,16488.61,C868157857,244821.68,248104.98,0,0
415,CASH_OUT,31476.29,C777307340,93093.78,61617.49,C249031628,204333.67,235809.96,0,0
131,CASH_OUT,73341.5,C811983337,179853.94,106512.44,C618775457,207039.62,280381.12,0,0
142,CASH_OUT,16879.6,C169857883,67363.51,50483.91,C831617346,293909.84,310789.44,0,0
569,TRANSFER,4363.88,C549553560,70224.95,65861.07,C729774549,69228.76,73592.64,0,0
539,PAYMENT,2157.04,C115554389,17241.31,15084.27,M712918737,0.0,0.0,0,0
279,CASH_OUT,40751.78,C142809447,120658.72,79906.94,C988094637,120666.71,161418.49,0,0
478,CASH_OUT,82783.68,C648784576,200092.28,117308.6,C257906213,161853.96,244637.64,0,0
196,PAYMENT,1731.42,C840185232,2388.67,657.25,M653978902,0.0,0.0,0,0
572,PAYMENT,52.02,C127867380,124.05,72.03,M292847428,0.0,0.0,0,0
31,PAYMENT,8133.09,C921879587,29021.28,20888.19,M544572227,0.0,0.0,0,0
721,CASH_IN,7316.22,C272767051,118680.55,125996.77,C334135683,401062.18,393745.96,0,0
590,PAYMENT,1036.08,C622889364,2786.85,1750.77,M392848031,0.0,0.0,0,0
294,PAYMENT,6779.65,C788968543,65124.44,58344.79,M386633943,0.0,0.0,0,0
466,TRANSFER,19081.12,C791715234,66731.52,47650.4,C132078366,5786.57,24867.69,0,0
187,CASH_OUT,8879.9,C814938199,32960.34,24080.44,C984633374,110618.03,119497.93,0,0
597,CASH_IN,23103.74,C553613563,140861.86,163965.6,C414938587,126451.22,103347.48,0,0
425,CASH_IN,12183.27,C407398778,100948.7,113131.97,C752256665,432029.44,419846.17,0,0
404,CASH_OUT,17982.07,C216808005,31629.48,13647.41,C549665549,96830.09,114812.16,0,0
96,CASH_IN,101856.43,C115200480,153483.57,255340.0,C752878479,140631.91,38775.48,0,0
236,PAYMENT,561.66,C702896341,7571.84,7010.18,M890933761,0.0,0.0,0,0
341,PAYMENT,987.78,C493247653,6025.46,5037.68,M853207186,0.0,0.0,0,0
628,CASH_IN,33877.9,C669714642,157605.49,191483.39,C137904833,47446.28,13568.38,0,0
585,CASH_OUT,18354.27,C203040421,57160.2,38805.93,C197289802,240950.55,259304.82,0,0
615,CASH_OUT,5806.16,C819849775,28763.2,22957.04,C641903228,123710.31,129516.47,0,0
176,CASH_IN,114739.51,C239250073,27070.64,141810.15,C707850540,138721.53,23982.02,0,0
453,PAYMENT,2495.03,C349741624,5076.84,2581.81,M801786683,0.0,0.0,0,0
492,CASH_IN,16464.64,C374286720,153880.91,170345.55,C405974526,104758.23,88293.59,0,0
194,PAYMENT,1929.73,C212083875,14616.22,12686.49,M218935105,0.0,0.0,0,0
44,CASH_IN,21114.68,C647140305,108207.09,129321.77,C178562169,145976.29,124861.61,0,0
674,CASH_IN,38131.17,C750157478,65051.31,103182.48,C960531101,420964.8,382833.63,0,0
322,PAYMENT,718.33,C112992361,9154.18,8435.85,M392076238,0.0,0.0,0,0
10,CASH_IN,93683.15,C563316152,190971.33,284654.48,C897804386,193972.31,100289.16,0,0
17,CASH_IN,8045.76,C512104567,107099.31,115145.07,C121350908,28789.31,20743.55,0,0
188,CASH_OUT,64584.9,C681276318,80935.91,16351.01,C177937901,51944.22,116529.12,0,0
124,TRANSFER,95870.64,C275477184,265049.15,169178.51,C505518920,19257.47,115128.11,0,0
659,CASH_OUT,9685.48,C881145794,23213.31,13527.83,C825670179,238542.28,248227.76,0,0
522,CASH_OUT,177736.63,C163842559,208658.53,30921.9,C914772625,88399.8,266136.43,0,0
423,CASH_OUT,16106.21,C911508391,26894.56,10788.35,C304360808,115424.33,131530.54,0,0
326,CASH_IN,38397.26,C606632667,96111.03,134508.29,C243647918,252834.85,214437.59,0,0
396,PAYMENT,2361.08,C624072929,13498.69,11137.61,M275825185,0.0,0.0,0,0
644,PAYMENT,1975.76,C501865555,15556.06,13580.3,M568951709,0.0,0.0,0,0
222,PAYMENT,1762.96,C550928992,12494.73,10731.77,M700075431,0.0,0.0,0,0
670,CASH_OUT,3769.34,C370694660,18064.4,14295.06,C113828397,281468.94,285238.28,0,0
157,CASH_IN,2640.73,C870833629,141845.21,144485.94,C776911988,132952.23,130311.5,0,0
680,PAYMENT,6355.18,C145992042,10449.27,4094.09,M802129979,0.0,0.0,0,0
96,CASH_IN,76264.62,C285386397,177006.67,253271.29,C158136848,309665.16,233400.54,0,0
484,CASH_IN,27237.87,C265529620,130460.86,157698.73,C342269731,236426.33,209188.46,0,0
638,CASH_OUT,22210.78,C656994182,58406.61,36195.83,C601506332,150763.07,172973.85,0,0
695,CASH_OUT,6515.3,C661894063,19247.06,12731.76,C944949476,286576.35,293091.65,0,0
634,CASH_OUT,114691.03,C802665039,130052.03,15361.0,C796685969,255599.89,370290.92,0,0
132,CASH_OUT,22384.53,C519934935,39342.36,16957.83,C309418096,15716.32,38100.85,0,0
662,CASH_OUT,3653.87,C875990759,11680.64,8026.77,C674715909,270557.08,274210.95,0,0
254,TRANSFER,49312.23,C310279769,266830.47,217518.24,C705947826,176244.11,225556.34,0,0
164,CASH_IN,52068.24,C859706843,110320.35,162388.59,C884974032,105773.14,53704.9,0,0
284,CASH_OUT,15789.29,C976663541,33185.13,17395.84,C595248586,192004.74,207794.03,0,0
674,TRANSFER,75254.77,C589495950,129255.8,54001.03,C267777084,91911.27,167166.04,0,0
308,CASH_OUT,6340.78,C318517837,32442.18,26101.4,C123405507,29925.18,36265.96,0,0
17,CASH_OUT,36150.69,C267958820,89222.17,53071.48,C137139076,66925.42,103076.11,0,0
522,CASH_IN,3703.22,C558823079,156140.49,159843.71,C409001546,300939.64,297236.42,0,0
664,PAYMENT,1639.54,C352081502,9653.77,8014.23,M441796552,0.0,0.0,0,0
673,CASH_OUT,62824.43,C873239484,127681.12,64856.69,C279233233,177356.74,240181.17,0,0
498,CASH_IN,45995.5,C130040913,84929.64,130925.14,C252621455,468726.22,422730.72,0,0
500,CASH_OUT,20859.29,C678553280,78223.65,57364.36,C607196404,118629.26,139488.55,0,0
260,PAYMENT,702.44,C652976386,10766.93,10064.49,M317168797,0.0,0.0,0,0
720,CASH_OUT,6203.92,C880299104,14307.78,8103.86,C242179252,242017.93,248221.85,0,0
644,CASH_OUT,20256.39,C554684228,20356.3,99.91,C430835691,55278.19,75534.58,0,0
273,PAYMENT,5411.53,C702696470,51059.4,45647.87,M991301948,0.0,0.0,0,0
605,TRANSFER,20172.33,C674384138,123945.16,103772.83,C390409604,81449.34,101621.67,0,0
173,PAYMENT,795.6,C520786052,5373.49,4577.89,M717835218,0.0,0.0,0,0
283,TRANSFER,75231.93,C533160728,134150.17,58918.24,C571452778,103196.85,178428.78,0,0
404,PAYMENT,2435.33,C791461557,15501.92,13066.59,M438332890,0.0,0.0,0,0
155,CASH_IN,72289.53,C860403897,173383.21,245672.74,C568889325,94535.72,22246.19,0,0
530,TRANSFER,88896.45,C827229071,253724.75,164828.3,C494123296,151445.82,240342.27,0,0
420,PAYMENT,5223.81,C234991089,9646.19,4422.38,M114457549,0.0,0.0,0,0
426,PAYMENT,11423.53,C151452085,39907.83,28484.3,M278441160,0.0,0.0,0,0
143,PAYMENT,2439.71,C734625498,17099.2,14659.49,M810147966,0.0,0.0,0,0
76,TRANSFER,27022.67,C587923963,140812.21,113789.54,C985170391,160597.86,187620.53,0,0
451,PAYMENT,195.79,C904799924,783.0,587.21,M913771142,0.0,0.0,0,0
111,CASH_OUT,30244.96,C254650045,59841.86,29596.9,C667177339,113871.57,144116.53,0,0
686,CASH_IN,14282.04,C825690213,129176.96,143459.0,C348944012,23312.8,9030.76,0,0
59,CASH_OUT,22744.21,C941837393,76557.38,53813.17,C275662964,268102.49,290846.7,0,0
601,CASH_IN,14717.53,C421636408,65026.16,79743.69,C136109821,379052.28,364334.75,0,0
552,TRANSFER,95813.46,C338916424,357024.94,261211.48,C534368043,65579.82,161393.28,0,0
356,TRANSFER,5052.52,C577157512,72415.52,67363.0,C820863974,129728.84,134781.36,0,0
567,CASH_IN,129818.47,C339734947,11508.36,141326.83,C430369852,75931.33,0.0,0,0
11,TRANSFER,21128.71,C755761014,135908.96,114780.25,C512555993,21564.01,42692.72,0,0
265,PAYMENT,3049.92,C513583322,34888.67,31838.75,M236510459,0.0,0.0,0,0
469,CASH_IN,10754.82,C333657927,38885.17,49639.99,C615917133,358444.4,347689.58,0,0
738,TRANSFER,63794.41,C647573237,210031.44,146237.03,C663283501,145506.28,209300.69,0,0
161,PAYMENT,3797.99,C636990823,35639.71,31841.72,M670842835,0.0,0.0,0,0
586,PAYMENT,3962.45,C578736045,16516.23,12553.78,M714235869,0.0,0.0,0,0
241,PAYMENT,253.26,C651492853,6009.98,5756.72,M432793359,0.0,0.0,0,0
627,TRANSFER,42045.47,C674839433,92859.09,50813.62,C998286739,126631.8,168677.27,0,0
4,TRANSFER,3602.65,C111863857,54105.83,50503.18,C661532135,55981.79,59584.44,0,0
666,PAYMENT,525.58,C554691884,709.59,184.01,M384392290,0.0,0.0,0,0
621,CASH_IN,48174.75,C137376338,11879.8,60054.55,C811056998,459141.36,410966.61,0,0
732,TRANSFER,28246.69,C399673128,59409.83,31163.14,C123185828,140498.66,168745.35,0,0
473,CASH_IN,60843.97,C152990387,109382.15,170226.12,C841458932,35049.39,0.0,0,0
393,CASH_IN,1412.98,C239879521,64995.22,66408.2,C921490215,496710.64,495297.66,0,0
240,PAYMENT,407.3,C431876828,5969.25,5561.95,M592356167,0.0,0.0,0,0
433,CASH_OUT,444.73,C346918463,7927.65,7482.92,C631809414,37050.9,37495.63,0,0
205,PAYMENT,427.39,C398388197,8803.72,8376.33,M172375143,0.0,0.0,0,0
208,PAYMENT,5574.1,C431104785,56139.13,50565.03,M466213544,0.0,0.0,0,0
726,PAYMENT,1435.32,C923088471,3657.4,2222.08,M745012792,0.0,0.0,0,0
593,PAYMENT,814.6,C937314728,10450.53,9635.93,M613211796,0.0,0.0,0,0
687,PAYMENT,722.7,C543873498,11574.53,10851.83,M477008744,0.0,0.0,0,0
392,CASH_OUT,21064.47,C643438182,25980.94,4916.47,C478122460,93149.33,114213.8,0,0
742,CASH_OUT,36155.51,C685769448,75995.17,39839.66,C719744927,265168.55,301324.06,0,0
205,CASH_OUT,13894.76,C524997038,20763.5,6868.74,C344650932,126014.12,139908.88,0,0
629,TRANSFER,30440.4,C503260889,109794.69,79354.29,C135529176,157981.5,188421.9,0,0
150,CASH_OUT,72473.6,C581551927,86937.88,14464.28,C188140432,60141.43,132615.03,0,0
527,DEBIT,6401.46,C657098439,15350.3,8948.84,C506306579,41512.49,47913.95,0,0
237,TRANSFER,76455.2,C444138931,127328.63,50873.43,C155558596,122999.11,199454.31,0,0
674,CASH_OUT,68084.17,C715288131,176336.9,108252.73,C456938215,62140.06,130224.23,0,0
115,CASH_OUT,24102.36,C291620650,31962.93,7860.57,C605746663,35620.42,59722.78,0,0
432,PAYMENT,943.71,C412952305,1094.94,151.23,M577265054,0.0,0.0,0,0
47,CASH_IN,10053.32,C286969083,196831.97,206885.29,C506656941,264713.22,254659.9,0,0
51,CASH_OUT,19158.04,C517722924,29294.41,10136.37,C981234060,148866.74,168024.78,0,0
607,TRANSFER,848096.29,C978272523,3090881.53,2242785.24,C896237401,0.0,0.0,1,1
104,CASH_OUT,40475.66,C112519007,91556.68,51081.02,C175279366,148754.66,189230.32,0,0
388,CASH_IN,37747.49,C590923569,80783.72,118531.21,C318930239,361423.97,323676.48,0,0
384,CASH_OUT,5596.79,C190887647,26761.36,21164.57,C621859484,231759.74,237356.53,0,0
414,CASH_OUT,580.36,C760602370,9120.14,8539.78,C509078110,226226.41,226806.77,0,0
276,PAYMENT,1411.44,C534901399,2801.6,1390.16,M838464488,0.0,0.0,0,0
298,PAYMENT,960.21,C740255078,3532.74,2572.53,M953268774,0.0,0.0,0,0
103,DEBIT,701.37,C851047393,3871.21,3169.84,C613953065,45216.59,45917.96,0,0
685,CASH_OUT,3486.38,C512323633,8964.18,5477.8,C638611588,219619.8,223106.18,0,0
674,PAYMENT,5259.51,C479383483,53744.56,48485.05,M354023826,0.0,0.0,0,0
134,PAYMENT,3137.72,C985155794,18800.13,15662.41,M531699688,0.0,0.0,0,0
14,CASH_OUT,122029.41,C896377022,284972.85,162943.44,C599046997,25721.38,147750.79,0,0
156,CASH_IN,61274.35,C776428975,145877.89,207152.24,C977549127,279798.49,218524.14,0,0
113,CASH_IN,50588.92,C917125691,24165.17,74754.09,C789404440,273655.55,223066.63,0,0
133,PAYMENT,522.56,C205176921,4911.86,4389.3,M623249299,0.0,0.0,0,0
569,PAYMENT,3774.42,C470970031,35178.99,31404.57,M632064152,0.0,0.0,0,0
454,CASH_IN,25187.76,C125593061,35295.82,60483.58,C514432854,491898.11,466710.35,0,0
225,CASH_OUT,20751.75,C909736648,63319.29,42567.54,C909241708,78850.53,99602.28,0,0
167,CASH_OUT,10886.7,C975433775,29822.85,18936.15,C744819717,191206.91,202093.61,0,0
4,PAYMENT,4212.59,C925761670,40798.41,36585.82,M302585280,0.0,0.0,0,0
570,PAYMENT,782.82,C888731431,9099.93,8317.11,M247474019,0.0,0.0,0,0
455,TRANSFER,124709.19,C701029880,543538.03,418828.84,C878191429,68521.54,193230.73,0,0
271,DEBIT,8359.9,C320744105,18081.09,9721.19,C659474383,44157.51,52517.41,0,0
241,PAYMENT,8451.11,C928278801,80716.36,72265.25,M161660123,0.0,0.0,0,0
686,CASH_OUT,8858.74,C361291719,33304.17,24445.43,C780433811,105391.26,114250.0,0,0
617,PAYMENT,2668.11,C447438999,6698.03,4029.92,M743644774,0.0,0.0,0,0
628,PAYMENT,2924.54,C944920338,7689.95,4765.41,M926683522,0.0,0.0,0,0
251,PAYMENT,1533.14,C604339629,9520.93,7987.79,M624112887,0.0,0.0,0,0
423,PAYMENT,2409.23,C727287766,25445.96,23036.73,M697513033,0.0,0.0,0,0
448,CASH_OUT,12435.19,C713217322,20531.42,8096.23,C918367186,108551.33,120986.52,0,0
219,PAYMENT,5532.66,C404359695,25012.0,19479.34,M112886106,0.0,0.0,0,0
163,CASH_OUT,35238.6,C572922561,114771.1,79532.5,C768288901,237620.35,272858.95,0,0
639,CASH_IN,23651.57,C849384348,104869.27,128520.84,C856124000,92811.06,69159.49,0,0
741,CASH_OUT,39897.46,C344072072,86873.48,46976.02,C433091008,177749.65,217647.11,0,0
472,PAYMENT,92.91,C790507370,2985.56,2892.65,M634466651,0.0,0.0,0,0
27,PAYMENT,3433.35,C304018549,10736.55,7303.2,M404770142,0.0,0.0,0,0
5,CASH_OUT,49708.06,C806872700,69490.48,19782.42,C718919222,298741.25,348449.31,0,0
376,PAYMENT,4199.9,C976361965,16789.1,12589.2,M277612269,0.0,0.0,0,0
376,CASH_OUT,12248.3,C375915912,24993.84,12745.54,C778785796,100384.2,112632.5,0,0
81,PAYMENT,676.33,C597995304,2037.01,1360.68,M571600240,0.0,0.0,0,0
729,CASH_IN,24108.64,C682760291,83257.79,107366.43,C973728353,39065.54,14956.9,0,0
96,CASH_IN,172.49,C579872204,46836.79,47009.28,C496530260,115019.62,114847.13,0,0
328,TRANSFER,30252.03,C529218253,165324.83,135072.8,C392158774,75950.47,106202.5,0,0
127,CASH_OUT,91726.49,C756677871,232816.8,141090.31,C352319741,271226.09,362952.58,0,0
214,CASH_IN,63554.54,C843306879,21965.91,85520.45,C778842689,117665.52,54110.98,0,0
233,PAYMENT,34.63,C912949663,344.29,309.66,M366571448,0.0,0.0,0,0
140,PAYMENT,1062.17,C724584242,7419.58,6357.41,M971369883,0.0,0.0,0,0
166,CASH_OUT,20168.8,C984166687,53763.65,33594.85,C781512001,211359.62,231528.42,0,0
250,PAYMENT,3359.24,C224089323,4098.87,739.63,M810932949,0.0,0.0,0,0
724,CASH_OUT,15715.55,C947898155,16671.4,955.85,C320227013,95054.84,110770.39,0,0
344,CASH_IN,63037.15,C413195649,117371.74,180408.89,C664313904,463347.16,400310.01,0,0
525,CASH_IN,137786.02,C121439797,177344.08,315130.1,C128335562,395033.99,257247.97,0,0
34,CASH_IN,12876.64,C825663746,145800.61,158677.25,C118836438,11646.09,0.0,0,0
692,PAYMENT,5516.38,C495013668,32783.64,27267.26,M232909257,0.0,0.0,0,0
1,PAYMENT,407.39,C905855811,8021.54,7614.15,M292726594,0.0,0.0,0,0
675,CASH_IN,36215.16,C503897475,111018.54,147233.7,C557930825,161228.62,125013.46,0,0
404,CASH_OUT,10530.12,C823684557,36817.65,26287.53,C256635491,11556.42,22086.54,0,0
713,PAYMENT,2710.54,C297850884,3683.49,972.95,M601389735,0.0,0.0,0,0
735,TRANSFER,66325.58,C946896687,213621.61,147296.03,C442210544,171951.45,238277.03,0,0
571,TRANSFER,47802.57,C549898747,215049.1,167246.53,C629781249,102058.95,149861.52,0,0
69,PAYMENT,4005.67,C128695525,18655.88,14650.21,M257215025,0.0,0.0,0,0
109,CASH_OUT,17534.97,C830015089,39673.33,22138.36,C737473175,230541.1,248076.07,0,0
151,CASH_IN,184.11,C650084840,18470.96,18655.07,C252490038,88676.16,88492.05,0,0
371,TRANSFER,44490.15,C411916090,115066.84,70576.69,C436835405,175385.94,219876.09,0,0
162,PAYMENT,587.49,C567159530,1832.98,1245.49,M447042846,0.0,0.0,0,0
470,CASH_OUT,6512.73,C506288331,27910.97,21398.24,C838501584,107074.93,113587.66,0,0
95,CASH_OUT,2733.3,C154093696,3288.61,555.31,C889179120,268356.17,271089.47,0,0
119,DEBIT,679.15,C810667722,4562.78,3883.63,C282667988,35313.64,35992.79,0,0
458,CASH_OUT,37044.71,C847886206,116830.87,79786.16,C530010569,149332.96,186377.67,0,0
392,CASH_OUT,11175.54,C299463134,49957.92,38782.38,C984659836,104464.37,115639.91,0,0
590,CASH_OUT,1937.64,C601879423,23649.05,21711.41,C360610815,174857.14,176794.78,0,0
676,PAYMENT,4579.52,C888357857,6665.38,2085.86,M648668718,0.0,0.0,0,0
510,DEBIT,2713.66,C544397909,9230.72,6517.06,C407117238,17944.76,20658.42,0,0
293,PAYMENT,1020.67,C714204294,11485.38,10464.71,M834958382,0.0,0.0,0,0
281,CASH_OUT,22074.12,C701896059,75708.82,53634.7,C466631819,34967.62,57041.74,0,0
285,CASH_OUT,13683.3,C543318944,58371.3,44688.0,C579401780,186090.77,199774.07,0,0
13,CASH_IN,75262.35,C171229890,189814.65,265077.0,C931758635,369411.54,294149.19,0,0
66,PAYMENT,786.3,C780674456,3972.55,3186.25,M542852340,0.0,0.0,0,0
605,PAYMENT,5225.0,C141976147,31733.93,26508.93,M907890693,0.0,0.0,0,0
125,CASH_IN,13283.91,C482892319,148192.74,161476.65,C943711061,44360.19,31076.28,0,0
189,CASH_OUT,7662.67,C337069279,14069.2,6406.53,C371379423,241901.42,249564.09,0,0
439,CASH_OUT,274.01,C314080739,17366.08,17092.07,C313173139,138225.48,138499.49,0,0
246,TRANSFER,117612.7,C143974140,437838.41,320225.71,C935570841,114090.26,231702.96,0,0
166,PAYMENT,1260.47,C183389976,11007.14,9746.67,M763507728,0.0,0.0,0,0
718,TRANSFER,54800.11,C694434667,302052.54,247252.43,C874759532,6540.94,61341.05,0,0
193,CASH_OUT,17929.78,C346682922,49176.4,31246.62,C820281207,217403.82,235333.6,0,0
628,PAYMENT,8598.32,C231826159,37747.1,29148.78,M200365851,0.0,0.0,0,0
418,CASH_OUT,19047.53,C294977705,62500.7,43453.17,C369793340,266483.27,285530.8,0,0
462,CASH_OUT,18233.42,C796354205,28474.99,10241.57,C487647629,158653.41,176886.83,0,0
86,PAYMENT,1242.85,C663477576,11681.98,10439.13,M847376159,0.0,0.0,0,0
56,CASH_IN,3460.57,C144060578,107509.3,110969.87,C397808762,68073.95,64613.38,0,0
625,CASH_IN,19441.54,C901603745,1389.5,20831.04,C758098764,243253.85,223812.31,0,0
341,CASH_IN,25522.93,C378249433,111870.27,137393.2,C893857875,435300.23,409777.3,0,0
9,TRANSFER,50170.85,C635407434,192415.36,142244.51,C804489666,51502.59,101673.44,0,0
79,CASH_OUT,43917.53,C942624624,143936.45,100018.92,C831291840,109479.0,153396.53,0,0
114,CASH_OUT,12399.41,C369086125,22210.7,9811.29,C766879695,138586.96,150986.37,0,0
181,TRANSFER,14656.76,C635015610,85773.29,71116.53,C108243648,144266.79,158923.55,0,0
400,CASH_OUT,42422.69,C897828380,131211.0,88788.31,C482922765,196836.63,239259.32,0,0
512,DEBIT,10495.55,C274395403,38022.93,27527.38,C255342674,19499.19,29994.74,0,0
156,TRANSFER,88673.34,C733977903,321935.75,233262.41,C534646594,15798.45,104471.79,0,0
520,CASH_IN,33758.14,C750416733,84256.11,118014.25,C677206147,318995.66,285237.52,0,0
646,TRANSFER,662781.88,C269691566,2235808.52,1573026.64,C212056231,0.0,0.0,1,1
645,PAYMENT,468.21,C123124982,2821.66,2353.45,M822281944,0.0,0.0,0,0
590,PAYMENT,932.58,C677455410,9317.62,8385.04,M979984198,0.0,0.0,0,0
419,PAYMENT,5424.61,C838350567,5879.53,454.92,M898596208,0.0,0.0,0,0
436,PAYMENT,17815.07,C317348206,34586.69,16771.62,M292520114,0.0,0.0,0,0
492,TRANSFER,38559.97,C443027889,217937.26,179377.29,C734146307,43736.26,82296.23,0,0
4,PAYMENT,2695.38,C895666663,30316.52,27621.14,M237144535,0.0,0.0,0,0
51,CASH_IN,61072.66,C688877314,73378.14,134450.8,C305541725,27162.34,0.0,0,0
320,PAYMENT,1820.4,C882479640,1310.36,0.0,M239923869,0.0,0.0,0,0
20,CASH_IN,18738.72,C397903083,191817.7,210556.42,C564686611,307531.37,288792.65,0,0
648,TRANSFER,26296.5,C603097583,145402.32,119105.82,C423177091,94649.07,120945.57,0,0
111,CASH_OUT,36263.1,C711213708,96702.62,60439.52,C271280330,257148.09,293411.19,0,0
331,CASH_IN,57407.31,C647165776,175831.01,233238.32,C796891232,60536.68,3129.37,0,0
546,PAYMENT,140.92,C444803681,4888.89,4747.97,M149415114,0.0,0.0,0,0
284,PAYMENT,3223.2,C728693212,21660.43,18437.23,M540811963,0.0,0.0,0,0
614,CASH_OUT,121370.41,C357365485,222305.77,100935.36,C208613395,190297.51,311667.92,0,0
89,CASH_IN,38966.36,C617592571,178038.88,217005.24,C454567008,419462.93,380496.57,0,0
44,CASH_OUT,3167.69,C537380423,22478.13,19310.44,C227009585,242020.04,245187.73,0,0
410,PAYMENT,2758.6,C289853336,28114.5,25355.9,M259121740,0.0,0.0,0,0
374,PAYMENT,12791.99,C816127810,112541.9,99749.91,M202523463,0.0,0.0,0,0
40,CASH_IN,25722.29,C423167082,165630.21,191352.5,C220294524,89527.38,63805.09,0,0
51,TRANSFER,22898.92,C470309653,90111.22,67212.3,C536905503,85877.12,108776.04,0,0
188,PAYMENT,3751.78,C771975749,10657.0,6905.22,M875520299,0.0,0.0,0,0
652,CASH_IN,11380.77,C537870023,79137.11,90517.88,C262147112,439617.45,428236.68,0,0
108,DEBIT,6570.98,C252480369,10442.53,3871.55,C910958124,6722.06,13293.04,0,0
345,PAYMENT,2667.96,C723746513,19943.23,17275.27,M232895459,0.0,0.0,0,0
732,CASH_OUT,14870.75,C130515123,49393.72,34522.97,C305445450,45081.97,59952.72,0,0
593,TRANSFER,1179.58,C772350343,32748.29,31568.71,C807012343,147548.78,148728.36,0,0
12,TRANSFER,1544.54,C447916659,31587.05,30042.51,C626197614,38391.88,39936.42,0,0
230,CASH_OUT,8964.45,C337042630,39459.65,30495.2,C692335412,87473.34,96437.79,0,0
40,CASH_OUT,25887.92,C654620367,65958.14,40070.22,C828806500,139467.07,165354.99,0,0
26,CASH_OUT,22394.38,C477055580,43893.12,21498.74,C673821068,49946.63,72341.01,0,0
725,CASH_OUT,30549.78,C916879780,80551.44,50001.66,C321055089,277107.23,307657.01,0,0
132,CASH_IN,30499.96,C811851133,23940.4,54440.36,C175724946,451597.48,421097.52,0,0
156,CASH_IN,42640.32,C414201905,50033.47,92673.79,C188092169,176054.05,133413.73,0,0
449,CASH_OUT,3944.69,C335890668,9335.71,5391.02,C837388382,77284.22,81228.91,0,0
181,PAYMENT,1361.87,C805817019,11293.49,9931.62,M179878783,0.0,0.0,0,0
87,CASH_IN,13876.29,C397369132,103049.2,116925.49,C996157259,241019.68,227143.39,0,0
310,CASH_OUT,36085.67,C775448714,61814.66,25728.99,C733328179,190412.36,226498.03,0,0
585,CASH_IN,4181.19,C337291245,119755.0,123936.19,C222641068,467870.16,463688.97,0,0
644,PAYMENT,276.2,C536380739,5746.9,5470.7,M297183607,0.0,0.0,0,0
577,PAYMENT,1725.29,C867152162,10828.47,9103.18,M435900834,0.0,0.0,0,0
308,PAYMENT,1477.81,C364686485,6391.01,4913.2,M165537328,0.0,0.0,0,0
329,CASH_OUT,62571.98,C566998978,78702.72,16130.74,C531924853,131548.17,194120.15,0,0
214,CASH_IN,35423.72,C490706324,94052.72,129476.44,C891828346,61333.59,25909.87,0,0
176,TRANSFER,85869.02,C665783275,436714.98,350845.96,C769159960,17748.62,103617.64,0,0
396,CASH_OUT,61880.93,C916449968,160897.62,99016.69,C597818106,257845.75,319726.68,0,0
209,CASH_OUT,44657.5,C832019466,117287.39,72629.89,C517133381,134052.45,178709.95,0,0
480,PAYMENT,2371.47,C271478759,7931.74,5560.27,M921627914,0.0,0.0,0,0
475,PAYMENT,2119.81,C611069026,14673.27,12553.46,M405668603,0.0,0.0,0,0
577,CASH_OUT,55257.32,C199043786,117791.27,62533.95,C643504106,20371.77,75629.09,0,0
429,CASH_OUT,6496.28,C643204706,8267.2,1770.92,C566933637,208256.3,214752.58,0,0
620,CASH_OUT,8839.24,C927991721,43936.13,35096.89,C525670244,27601.42,36440.66,0,0
522,TRANSFER,12264.97,C992003753,25257.03,12992.06,C238417985,84407.78,96672.75,0,0
99,CASH_OUT,12725.36,C403452651,30180.41,17455.05,C521947417,139613.92,152339.28,0,0
100,PAYMENT,2561.85,C987247062,20842.56,18280.71,M851967194,0.0,0.0,0,0
515,CASH_IN,47561.68,C937893065,151411.76,198973.44,C133977816,434897.31,387335.63,0,0
50,CASH_OUT,11666.84,C426271280,23008.11,11341.27,C427787465,233296.34,244963.18,0,0
531,PAYMENT,143.48,C386589147,2176.17,2032.69,M836898798,0.0,0.0,0,0
69,CASH_OUT,35600.89,C837698046,112726.83,77125.94,C350915968,217621.76,253222.65,0,0
51,CASH_IN,42427.77,C803780797,73608.44,116036.21,C854086349,135861.84,93434.07,0,0
67,TRANSFER,17211.75,C404085784,107655.09,90443.34,C138218489,63717.29,80929.04,0,0
263,CASH_OUT,14096.0,C434098618,47038.15,32942.15,C898296626,52426.49,66522.49,0,0
532,TRANSFER,28764.33,C559987575,51310.23,22545.9,C471171168,103540.04,132304.37,0,0
305,CASH_IN,90401.22,C934748831,71356.8,161758.02,C450788232,52171.11,0.0,0,0
5,CASH_IN,8725.25,C988430331,62541.68,71266.93,C505515318,185648.5,176923.25,0,0
318,PAYMENT,1733.4,C762302244,15449.0,13715.6,M891625359,0.0,0.0,0,0
683,CASH_IN,145.68,C631942303,68835.37,68981.05,C910112819,34362.77,34217.09,0,0
507,CASH_OUT,22829.43,C546117503,74784.01,51954.58,C950303466,34234.78,57064.21,0,0
238,PAYMENT,998.18,C959906512,12134.56,11136.38,M234202577,0.0,0.0,0,0
150,TRANSFER,32441.43,C393861267,89758.06,57316.63,C157390694,97568.84,130010.27,0,0
184,CASH_IN,82767.75,C337447035,169279.25,252047.0,C106602300,351811.11,269043.36,0,0
617,CASH_IN,5744.35,C982720184,197147.57,202891.92,C763199066,449600.91,443856.56,0,0
555,TRANSFER,107463.56,C350403965,552857.3,445393.74,C553903884,138023.11,245486.67,0,0
195,PAYMENT,3974.32,C988677349,18457.49,14483.17,M270816008,0.0,0.0,0,0
522,CASH_OUT,1563.32,C242595791,9402.07,7838.75,C326305088,286870.85,288434.17,0,0
358,PAYMENT,899.66,C660703251,10825.95,9926.29,M321878451,0.0,0.0,0,0
476,PAYMENT,484.1,C221502882,3419.55,2935.45,M560265427,0.0,0.0,0,0
473,PAYMENT,2085.76,C718700239,17260.02,15174.26,M302349971,0.0,0.0,0,0
284,PAYMENT,2917.88,C222563604,12562.06,9644.18,M278659481,0.0,0.0,0,0
334,PAYMENT,2335.73,C576469398,8442.95,6107.22,M336361118,0.0,0.0,0,0
148,CASH_OUT,50150.56,C706318408,78843.78,28693.22,C801496823,61289.52,111440.08,0,0
77,PAYMENT,1157.22,C351124867,1890.53,733.31,M539145513,0.0,0.0,0,0
139,TRANSFER,22111.92,C604111314,61458.06,39346.14,C373807703,28047.27,50159.19,0,0
568,PAYMENT,335.03,C977499264,4762.56,4427.53,M797323033,0.0,0.0,0,0
628,CASH_IN,82768.59,C726749608,139470.43,222239.02,C656352539,179010.76,96242.17,0,0
613,PAYMENT,3325.46,C553198086,32367.58,29042.12,M675792128,0.0,0.0,0,0
255,DEBIT,5238.91,C917742044,26852.25,21613.34,C183864730,45061.81,50300.72,0,0
733,TRANSFER,2946303.11,C632351531,3901824.78,955521.67,C775412141,0.0,2946303.11,1,1
178,CASH_IN,107172.69,C159675774,25174.71,132347.4,C230405942,122683.24,15510.55,0,0
612,CASH_IN,68109.7,C266772900,113609.58,181719.28,C832024400,77190.13,9080.43,0,0
315,TRANSFER,13487.09,C772402545,29338.24,15851.15,C911901071,11592.03,25079.12,0,0
15,PAYMENT,2246.71,C313796366,12394.8,10148.09,M491998607,0.0,0.0,0,0
725,CASH_OUT,626850.56,C733671981,831551.6,0.0,C312185392,0.0,0.0,1,0
310,CASH_IN,186956.61,C365604328,78904.24,265860.85,C125374479,36035.62,0.0,0,0
125,PAYMENT,74.74,C898245586,645.86,571.12,M712522954,0.0,0.0,0,0
498,PAYMENT,7488.25,C818335840,62535.91,55047.66,M700104110,0.0,0.0,0,0
37,PAYMENT,1904.6,C938464048,19914.45,18009.85,M103291564,0.0,0.0,0,0
378,PAYMENT,440.01,C760365300,3316.89,2876.88,M304000119,0.0,0.0,0,0
424,CASH_OUT,44581.02,C170515727,138988.45,94407.43,C144758304,106523.44,151104.46,0,0
110,PAYMENT,1369.12,C877582501,11901.06,10531.94,M595347522,0.0,0.0,0,0
251,CASH_OUT,15592.1,C441343581,58514.25,42922.15,C508752731,85263.18,100855.28,0,0
495,PAYMENT,282.87,C409002960,1164.13,881.26,M248566291,0.0,0.0,0,0
708,PAYMENT,434.27,C456466548,2052.01,1617.74,M301777103,0.0,0.0,0,0
395,TRANSFER,705142.44,C213282458,808394.18,0.0,C579562051,0.0,0.0,1,1
636,DEBIT,2285.68,C211198787,5192.27,2906.59,C810365025,5851.83,8137.51,0,0
594,TRANSFER,168136.04,C475393879,604952.47,436816.43,C892542863,126957.64,295093.68,0,0
104,TRANSFER,12476.31,C973163263,49619.35,37143.04,C916934079,46461.33,58937.64,0,0
372,CASH_OUT,35252.34,C758056207,121832.94,86580.6,C302555322,272950.08,308202.42,0,0
440,PAYMENT,496.38,C165214856,463.72,0.0,M517721315,0.0,0.0,0,0
489,CASH_IN,12268.23,C872669943,164301.05,176569.28,C374227605,436277.56,424009.33,0,0
235,CASH_IN,8352.29,C766184589,88722.64,97074.93,C936368224,388247.58,379895.29,0,0
231,PAYMENT,587.43,C742350419,1294.11,706.68,M615109441,0.0,0.0,0,0
498,CASH_IN,3692.2,C328315290,91461.15,95153.35,C611336760,274815.2,271123.0,0,0
589,CASH_OUT,56663.04,C463297014,109919.95,53256.91,C434753185,186401.04,243064.08,0,0
563,CASH_IN,7284.71,C198954929,83622.94,90907.65,C397805306,310889.8,303605.09,0,0
424,PAYMENT,1404.2,C522166462,13644.73,12240.53,M654603101,0.0,0.0,0,0
358,PAYMENT,13107.29,C866269878,73670.72,60563.43,M465121230,0.0,0.0,0,0
29,PAYMENT,10.43,C922860139,3255.88,3245.45,M932843076,0.0,0.0,0,0
601,TRANSFER,19127.62,C390274674,78315.28,59187.66,C506641246,73630.86,92758.48,0,0
339,CASH_IN,16131.44,C272429757,188033.82,204165.26,C573486328,142616.8,126485.36,0,0
318,CASH_IN,44834.38,C937198050,55564.86,100399.24,C861675823,449802.16,404967.78,0,0
269,PAYMENT,1468.05,C493577377,9022.49,7554.44,M855166770,0.0,0.0,0,0
544,CASH_OUT,40410.31,C152615675,129897.54,89487.23,C243023604,235866.34,276276.65,0,0
6,CASH_OUT,19455.12,C629628413,25689.3,6234.18,C889911857,150019.9,169475.02,0,0
183,PAYMENT,240.5,C232250516,5289.96,5049.46,M269901268,0.0,0.0,0,0
396,PAYMENT,5736.22,C329158184,9256.34,3520.12,M379662247,0.0,0.0,0,0
86,PAYMENT,596.55,C392503923,3493.04,2896.49,M709831393,0.0,0.0,0,0
83,CASH_OUT,136401.33,C778967200,382588.71,246187.38,C747344750,272261.83,408663.16,0,0
282,TRANSFER,38914.0,C470855688,229446.01,190532.01,C839799487,181198.19,220112.19,0,0
534,PAYMENT,3403.93,C645557811,5802.04,2398.11,M485015754,0.0,0.0,0,0
690,TRANSFER,3210.29,C525951521,31959.11,28748.82,C918065370,32437.96,35648.25,0,0
382,CASH_IN,118710.17,C759791293,127878.29,246588.46,C462051513,363036.96,244326.79,0,0
648,TRANSFER,21775.79,C671363704,63935.47,42159.68,C774134363,11664.03,33439.82,0,0
90,PAYMENT,7966.08,C662942553,8383.06,416.98,M225304379,0.0,0.0,0,0
415,CASH_OUT,7234.58,C373803255,21894.75,14660.17,C889728342,168081.82,175316.4,0,0
169,PAYMENT,3981.32,C371313456,39720.08,35738.76,M806517446,0.0,0.0,0,0
1,TRANSFER,147594.17,C786698669,254697.98,107103.81,C525757515,27738.84,175333.01,0,0
183,CASH_IN,49074.91,C936111614,51235.61,100310.52,C587639889,391376.38,342301.47,0,0
440,PAYMENT,1007.86,C282157495,9317.42,8309.56,M550342555,0.0,0.0,0,0
437,PAYMENT,1599.01,C182142091,9381.52,7782.51,M429008084,0.0,0.0,0,0
198,TRANSFER,31141.32,C128681923,102576.19,71434.87,C718140148,21350.2,52491.52,0,0
331,CASH_IN,19787.36,C723166126,149903.88,169691.24,C350855833,103029.08,83241.72,0,0
671,DEBIT,824.09,C223473905,7668.6,6844.51,C633563360,15368.62,16192.71,0,0
672,CASH_OUT,9885.01,C377211182,38198.4,28313.39,C964711784,140635.34,150520.35,0,0
414,PAYMENT,5323.36,C557553046,40982.42,35659.06,M695746593,0.0,0.0,0,0
